game_id,move_id,vision,snake_length,head_direction,head_pos,move,vision_new,snake_length_new,head_direction_new,head_pos_new,hit,life
0,0,0020,3,0,"(5, 5)",3,0200,3,3,"(4, 5)",0,1
0,1,0200,3,3,"(4, 5)",0,0020,3,0,"(4, 4)",0,1
0,2,0020,3,0,"(4, 4)",3,0200,3,3,"(3, 4)",0,1
0,3,0200,3,3,"(3, 4)",2,2000,3,2,"(3, 5)",0,1
0,4,2000,3,2,"(3, 5)",1,0002,3,1,"(4, 5)",0,1
0,5,0002,3,1,"(4, 5)",1,0002,3,1,"(5, 5)",0,1
0,6,0002,3,1,"(5, 5)",0,0020,3,0,"(5, 4)",0,1
0,7,0020,3,0,"(5, 4)",3,0200,3,3,"(4, 4)",0,1
0,8,0200,3,3,"(4, 4)",3,0200,3,3,"(3, 4)",0,1
0,9,0200,3,3,"(3, 4)",2,2000,3,2,"(3, 5)",0,1
0,10,2000,3,2,"(3, 5)",1,0002,3,1,"(4, 5)",0,1
0,11,0002,3,1,"(4, 5)",0,0020,3,0,"(4, 4)",0,1
0,12,0020,3,0,"(4, 4)",1,0002,3,1,"(5, 4)",0,1
0,13,0002,3,1,"(5, 4)",1,0002,3,1,"(6, 4)",0,1
0,14,0002,3,1,"(6, 4)",3,0002,3,1,"(7, 4)",0,1
0,15,0002,3,1,"(7, 4)",1,1002,3,1,"(8, 4)",0,1
0,16,1002,3,1,"(8, 4)",1,0302,3,1,"(9, 4)",0,1
0,17,0302,3,1,"(9, 4)",3,0302,3,1,"(9, 4)",3,0
1,0,0020,3,0,"(5, 5)",1,0002,3,1,"(6, 5)",0,1
1,1,0002,3,1,"(6, 5)",3,0002,3,1,"(7, 5)",0,1
1,2,0002,3,1,"(7, 5)",3,0002,3,1,"(8, 5)",0,1
1,3,0002,3,1,"(8, 5)",1,0302,3,1,"(9, 5)",0,1
1,4,0302,3,1,"(9, 5)",0,0320,3,0,"(9, 4)",0,1
1,5,0320,3,0,"(9, 4)",1,0320,3,0,"(9, 4)",3,0
2,0,0020,3,0,"(5, 5)",2,0020,3,0,"(5, 4)",0,1
2,1,0020,3,0,"(5, 4)",0,0020,3,0,"(5, 3)",0,1
2,2,0020,3,0,"(5, 3)",3,0200,3,3,"(4, 3)",0,1
2,3,0200,3,3,"(4, 3)",1,0200,3,3,"(3, 3)",0,1
2,4,0200,3,3,"(3, 3)",2,2000,3,2,"(3, 4)",0,1
2,5,2000,3,2,"(3, 4)",3,0200,3,3,"(2, 4)",0,1
2,6,0200,3,3,"(2, 4)",3,0200,3,3,"(1, 4)",0,1
2,7,0200,3,3,"(1, 4)",2,2000,3,2,"(1, 5)",0,1
2,8,2000,3,2,"(1, 5)",2,2000,3,2,"(1, 6)",0,1
2,9,2000,3,2,"(1, 6)",0,2000,3,2,"(1, 7)",0,1
2,10,2000,3,2,"(1, 7)",2,2000,3,2,"(1, 8)",0,1
2,11,2000,3,2,"(1, 8)",2,2030,3,2,"(1, 9)",0,1
2,12,2030,3,2,"(1, 9)",3,0233,3,3,"(0, 9)",0,1
2,13,0233,3,3,"(0, 9)",1,0233,3,3,"(0, 9)",3,0
3,0,0020,3,0,"(5, 5)",3,0200,3,3,"(4, 5)",0,1
3,1,0200,3,3,"(4, 5)",3,0200,3,3,"(3, 5)",0,1
3,2,0200,3,3,"(3, 5)",0,0020,3,0,"(3, 4)",0,1
3,3,0020,3,0,"(3, 4)",1,0002,3,1,"(4, 4)",0,1
3,4,0002,3,1,"(4, 4)",0,0020,3,0,"(4, 3)",0,1
3,5,0020,3,0,"(4, 3)",0,0020,3,0,"(4, 2)",0,1
3,6,0020,3,0,"(4, 2)",1,0002,3,1,"(5, 2)",0,1
3,7,0002,3,1,"(5, 2)",1,0002,3,1,"(6, 2)",0,1
3,8,0002,3,1,"(6, 2)",2,2000,3,2,"(6, 3)",0,1
3,9,2000,3,2,"(6, 3)",1,0002,3,1,"(7, 3)",0,1
3,10,0002,3,1,"(7, 3)",3,0002,3,1,"(8, 3)",0,1
3,11,0002,3,1,"(8, 3)",1,0302,3,1,"(9, 3)",0,1
3,12,0302,3,1,"(9, 3)",3,0302,3,1,"(9, 3)",3,0
4,0,0020,3,0,"(5, 5)",1,0002,3,1,"(6, 5)",0,1
4,1,0002,3,1,"(6, 5)",2,2000,3,2,"(6, 6)",0,1
4,2,2000,3,2,"(6, 6)",0,2000,3,2,"(6, 7)",0,1
4,3,2000,3,2,"(6, 7)",3,0200,3,3,"(5, 7)",0,1
4,4,0200,3,3,"(5, 7)",2,2000,3,2,"(5, 8)",0,1
4,5,2000,3,2,"(5, 8)",1,0002,3,1,"(6, 8)",0,1
4,6,0002,3,1,"(6, 8)",0,0020,3,0,"(6, 7)",0,1
4,7,0020,3,0,"(6, 7)",0,0020,3,0,"(6, 6)",0,1
4,8,0020,3,0,"(6, 6)",1,0002,3,1,"(7, 6)",0,1
4,9,0002,3,1,"(7, 6)",0,0020,3,0,"(7, 5)",0,1
4,10,0020,3,0,"(7, 5)",0,0020,3,0,"(7, 4)",0,1
4,11,0020,3,0,"(7, 4)",2,0020,3,0,"(7, 3)",0,1
4,12,0020,3,0,"(7, 3)",3,0200,3,3,"(6, 3)",0,1
4,13,0200,3,3,"(6, 3)",1,0200,3,3,"(5, 3)",0,1
4,14,0200,3,3,"(5, 3)",2,2000,3,2,"(5, 4)",0,1
4,15,2000,3,2,"(5, 4)",1,0002,3,1,"(6, 4)",0,1
4,16,0002,3,1,"(6, 4)",1,0002,3,1,"(7, 4)",0,1
4,17,0002,3,1,"(7, 4)",2,2000,3,2,"(7, 5)",0,1
4,18,2000,3,2,"(7, 5)",2,2000,3,2,"(7, 6)",0,1
4,19,2000,3,2,"(7, 6)",2,2000,3,2,"(7, 7)",0,1
4,20,2000,3,2,"(7, 7)",0,2000,3,2,"(7, 8)",0,1
4,21,2000,3,2,"(7, 8)",3,0200,3,3,"(6, 8)",0,1
4,22,0200,3,3,"(6, 8)",1,0200,3,3,"(5, 8)",0,1
4,23,0200,3,3,"(5, 8)",2,2030,3,2,"(5, 9)",0,1
4,24,2030,3,2,"(5, 9)",1,0032,3,1,"(6, 9)",0,1
4,25,0032,3,1,"(6, 9)",0,0020,3,0,"(6, 8)",0,1
4,26,0020,3,0,"(6, 8)",2,0020,3,0,"(6, 7)",0,1
4,27,0020,3,0,"(6, 7)",1,0002,3,1,"(7, 7)",0,1
4,28,0002,3,1,"(7, 7)",3,0002,3,1,"(8, 7)",0,1
4,29,0002,3,1,"(8, 7)",0,0020,3,0,"(8, 6)",0,1
4,30,0020,3,0,"(8, 6)",1,0302,3,1,"(9, 6)",0,1
4,31,0302,3,1,"(9, 6)",1,0302,3,1,"(9, 6)",3,0
5,0,0020,3,0,"(5, 5)",3,0200,3,3,"(4, 5)",0,1
5,1,0200,3,3,"(4, 5)",3,0200,3,3,"(3, 5)",0,1
5,2,0200,3,3,"(3, 5)",2,2000,3,2,"(3, 6)",0,1
5,3,2000,3,2,"(3, 6)",3,0200,3,3,"(2, 6)",0,1
5,4,0200,3,3,"(2, 6)",3,0200,3,3,"(1, 6)",0,1
5,5,0200,3,3,"(1, 6)",1,0203,3,3,"(0, 6)",0,1
5,6,0203,3,3,"(0, 6)",1,0203,3,3,"(0, 6)",3,0
6,0,0020,3,0,"(5, 5)",1,0002,3,1,"(6, 5)",0,1
6,1,0002,3,1,"(6, 5)",0,0020,3,0,"(6, 4)",0,1
6,2,0020,3,0,"(6, 4)",3,0200,3,3,"(5, 4)",0,1
6,3,0200,3,3,"(5, 4)",2,2000,3,2,"(5, 5)",0,1
6,4,2000,3,2,"(5, 5)",3,0200,3,3,"(4, 5)",0,1
6,5,0200,3,3,"(4, 5)",2,2000,3,2,"(4, 6)",0,1
6,6,2000,3,2,"(4, 6)",0,2001,3,2,"(4, 7)",0,1
6,7,2001,3,2,"(4, 7)",0,2000,3,2,"(4, 8)",0,1
6,8,2000,3,2,"(4, 8)",3,1200,3,3,"(3, 8)",0,1
6,9,1200,3,3,"(3, 8)",3,0200,3,3,"(2, 8)",0,1
6,10,0200,3,3,"(2, 8)",1,0200,3,3,"(1, 8)",0,1
6,11,0200,3,3,"(1, 8)",2,2030,3,2,"(1, 9)",0,1
6,12,2030,3,2,"(1, 9)",1,0032,3,1,"(2, 9)",0,1
6,13,0032,3,1,"(2, 9)",1,0032,3,1,"(3, 9)",0,1
6,14,0032,3,1,"(3, 9)",2,0032,3,1,"(3, 9)",3,0
7,0,0020,3,0,"(5, 5)",1,0002,3,1,"(6, 5)",0,1
7,1,0002,3,1,"(6, 5)",0,0020,3,0,"(6, 4)",0,1
7,2,0020,3,0,"(6, 4)",3,0200,3,3,"(5, 4)",0,1
7,3,0200,3,3,"(5, 4)",2,2000,3,2,"(5, 5)",0,1
7,4,2000,3,2,"(5, 5)",0,2000,3,2,"(5, 6)",0,1
7,5,2000,3,2,"(5, 6)",3,0200,3,3,"(4, 6)",0,1
7,6,0200,3,3,"(4, 6)",0,0020,3,0,"(4, 5)",0,1
7,7,0020,3,0,"(4, 5)",2,0020,3,0,"(4, 4)",0,1
7,8,0020,3,0,"(4, 4)",2,0020,3,0,"(4, 3)",0,1
7,9,0020,3,0,"(4, 3)",0,0020,3,0,"(4, 2)",0,1
7,10,0020,3,0,"(4, 2)",0,0020,3,0,"(4, 1)",0,1
7,11,0020,3,0,"(4, 1)",2,3020,3,0,"(4, 0)",0,1
7,12,3020,3,0,"(4, 0)",2,3020,3,0,"(4, 0)",3,0
8,0,0020,3,0,"(5, 5)",0,0020,3,0,"(5, 4)",0,1
8,1,0020,3,0,"(5, 4)",3,0200,3,3,"(4, 4)",0,1
8,2,0200,3,3,"(4, 4)",2,2000,3,2,"(4, 5)",0,1
8,3,2000,3,2,"(4, 5)",2,2000,3,2,"(4, 6)",0,1
8,4,2000,3,2,"(4, 6)",3,0200,3,3,"(3, 6)",0,1
8,5,0200,3,3,"(3, 6)",2,2000,3,2,"(3, 7)",0,1
8,6,2000,3,2,"(3, 7)",3,0210,3,3,"(2, 7)",0,1
8,7,0210,3,3,"(2, 7)",3,0200,3,3,"(1, 7)",0,1
8,8,0200,3,3,"(1, 7)",2,2100,3,2,"(1, 8)",0,1
8,9,2100,3,2,"(1, 8)",3,0203,3,3,"(0, 8)",0,1
8,10,0203,3,3,"(0, 8)",2,2033,3,2,"(0, 9)",0,1
8,11,2033,3,2,"(0, 9)",3,2033,3,2,"(0, 9)",3,0
9,0,0020,3,0,"(5, 5)",1,0002,3,1,"(6, 5)",0,1
9,1,0002,3,1,"(6, 5)",1,0002,3,1,"(7, 5)",0,1
9,2,0002,3,1,"(7, 5)",3,0002,3,1,"(8, 5)",0,1
9,3,0002,3,1,"(8, 5)",0,0020,3,0,"(8, 4)",0,1
9,4,0020,3,0,"(8, 4)",0,0020,3,0,"(8, 3)",0,1
9,5,0020,3,0,"(8, 3)",2,0020,3,0,"(8, 2)",0,1
9,6,0020,3,0,"(8, 2)",0,0020,3,0,"(8, 1)",0,1
9,7,0020,3,0,"(8, 1)",1,0302,3,1,"(9, 1)",0,1
9,8,0302,3,1,"(9, 1)",0,3320,3,0,"(9, 0)",0,1
9,9,3320,3,0,"(9, 0)",2,3320,3,0,"(9, 0)",3,0
10,0,0020,3,0,"(5, 5)",2,0020,3,0,"(5, 4)",0,1
10,1,0020,3,0,"(5, 4)",3,0200,3,3,"(4, 4)",0,1
10,2,0200,3,3,"(4, 4)",1,0200,3,3,"(3, 4)",0,1
10,3,0200,3,3,"(3, 4)",1,0200,3,3,"(2, 4)",0,1
10,4,0200,3,3,"(2, 4)",2,2000,3,2,"(2, 5)",0,1
10,5,2000,3,2,"(2, 5)",1,0002,3,1,"(3, 5)",0,1
10,6,0002,3,1,"(3, 5)",3,0002,3,1,"(4, 5)",0,1
10,7,0002,3,1,"(4, 5)",1,0002,3,1,"(5, 5)",0,1
10,8,0002,3,1,"(5, 5)",1,0002,3,1,"(6, 5)",0,1
10,9,0002,3,1,"(6, 5)",2,2000,3,2,"(6, 6)",0,1
10,10,2000,3,2,"(6, 6)",2,2000,3,2,"(6, 7)",0,1
10,11,2000,3,2,"(6, 7)",0,2000,3,2,"(6, 8)",0,1
10,12,2000,3,2,"(6, 8)",1,0002,3,1,"(7, 8)",0,1
10,13,0002,3,1,"(7, 8)",0,0020,3,0,"(7, 7)",0,1
10,14,0020,3,0,"(7, 7)",3,0200,3,3,"(6, 7)",0,1
10,15,0200,3,3,"(6, 7)",1,0200,3,3,"(5, 7)",0,1
10,16,0200,3,3,"(5, 7)",1,0200,3,3,"(4, 7)",0,1
10,17,0200,3,3,"(4, 7)",3,0200,3,3,"(3, 7)",0,1
10,18,0200,3,3,"(3, 7)",1,0200,3,3,"(2, 7)",0,1
10,19,0200,3,3,"(2, 7)",3,0200,3,3,"(1, 7)",0,1
10,20,0200,3,3,"(1, 7)",0,0020,3,0,"(1, 6)",0,1
10,21,0020,3,0,"(1, 6)",3,0203,3,3,"(0, 6)",0,1
10,22,0203,3,3,"(0, 6)",1,0203,3,3,"(0, 6)",3,0
11,0,0020,3,0,"(5, 5)",1,0002,3,1,"(6, 5)",0,1
11,1,0002,3,1,"(6, 5)",2,2000,3,2,"(6, 6)",0,1
11,2,2000,3,2,"(6, 6)",0,2000,3,2,"(6, 7)",0,1
11,3,2000,3,2,"(6, 7)",3,0200,3,3,"(5, 7)",0,1
11,4,0200,3,3,"(5, 7)",2,2000,3,2,"(5, 8)",0,1
11,5,2000,3,2,"(5, 8)",1,0002,3,1,"(6, 8)",0,1
11,6,0002,3,1,"(6, 8)",2,2030,3,2,"(6, 9)",0,1
11,7,2030,3,2,"(6, 9)",3,0230,3,3,"(5, 9)",0,1
11,8,0230,3,3,"(5, 9)",0,0020,3,0,"(5, 8)",0,1
11,9,0020,3,0,"(5, 8)",1,0002,3,1,"(6, 8)",0,1
11,10,0002,3,1,"(6, 8)",1,0002,3,1,"(7, 8)",0,1
11,11,0002,3,1,"(7, 8)",1,0002,3,1,"(8, 8)",0,1
11,12,0002,3,1,"(8, 8)",2,2030,3,2,"(8, 9)",0,1
11,13,2030,3,2,"(8, 9)",3,0230,3,3,"(7, 9)",0,1
11,14,0230,3,3,"(7, 9)",2,0230,3,3,"(7, 9)",3,0
12,0,0020,3,0,"(5, 5)",1,0002,3,1,"(6, 5)",0,1
12,1,0002,3,1,"(6, 5)",3,0002,3,1,"(7, 5)",0,1
12,2,0002,3,1,"(7, 5)",1,0002,3,1,"(8, 5)",0,1
12,3,0002,3,1,"(8, 5)",0,0020,3,0,"(8, 4)",0,1
12,4,0020,3,0,"(8, 4)",3,0200,3,3,"(7, 4)",0,1
12,5,0200,3,3,"(7, 4)",3,0200,3,3,"(6, 4)",0,1
12,6,0200,3,3,"(6, 4)",0,0020,3,0,"(6, 3)",0,1
12,7,0020,3,0,"(6, 3)",1,0002,3,1,"(7, 3)",0,1
12,8,0002,3,1,"(7, 3)",2,2000,3,2,"(7, 4)",0,1
12,9,2000,3,2,"(7, 4)",2,2000,3,2,"(7, 5)",0,1
12,10,2000,3,2,"(7, 5)",2,2000,3,2,"(7, 6)",0,1
12,11,2000,3,2,"(7, 6)",2,2000,3,2,"(7, 7)",0,1
12,12,2000,3,2,"(7, 7)",0,2000,3,2,"(7, 8)",0,1
12,13,2000,3,2,"(7, 8)",2,2030,3,2,"(7, 9)",0,1
12,14,2030,3,2,"(7, 9)",3,0230,3,3,"(6, 9)",0,1
12,15,0230,3,3,"(6, 9)",0,0020,3,0,"(6, 8)",0,1
12,16,0020,3,0,"(6, 8)",1,0002,3,1,"(7, 8)",0,1
12,17,0002,3,1,"(7, 8)",2,2030,3,2,"(7, 9)",0,1
12,18,2030,3,2,"(7, 9)",1,0032,3,1,"(8, 9)",0,1
12,19,0032,3,1,"(8, 9)",1,0332,3,1,"(9, 9)",0,1
12,20,0332,3,1,"(9, 9)",0,0320,3,0,"(9, 8)",0,1
12,21,0320,3,0,"(9, 8)",2,1320,3,0,"(9, 7)",0,1
12,22,1320,3,0,"(9, 7)",3,0200,3,3,"(8, 7)",0,1
12,23,0200,3,3,"(8, 7)",0,0120,3,0,"(8, 6)",0,1
12,24,0120,3,0,"(8, 6)",1,0322,4,1,"(9, 6)",1,1
12,25,0322,4,1,"(9, 6)",3,0322,4,1,"(9, 6)",3,0
13,0,0020,3,0,"(5, 5)",0,0020,3,0,"(5, 4)",0,1
13,1,0020,3,0,"(5, 4)",0,0020,3,0,"(5, 3)",0,1
13,2,0020,3,0,"(5, 3)",3,0200,3,3,"(4, 3)",0,1
13,3,0200,3,3,"(4, 3)",1,0200,3,3,"(3, 3)",0,1
13,4,0200,3,3,"(3, 3)",3,0200,3,3,"(2, 3)",0,1
13,5,0200,3,3,"(2, 3)",3,0200,3,3,"(1, 3)",0,1
13,6,0200,3,3,"(1, 3)",3,0203,3,3,"(0, 3)",0,1
13,7,0203,3,3,"(0, 3)",1,0203,3,3,"(0, 3)",3,0
14,0,0020,3,0,"(5, 5)",1,0002,3,1,"(6, 5)",0,1
14,1,0002,3,1,"(6, 5)",1,0002,3,1,"(7, 5)",0,1
14,2,0002,3,1,"(7, 5)",2,2000,3,2,"(7, 6)",0,1
14,3,2000,3,2,"(7, 6)",3,0200,3,3,"(6, 6)",0,1
14,4,0200,3,3,"(6, 6)",1,0200,3,3,"(5, 6)",0,1
14,5,0200,3,3,"(5, 6)",1,0200,3,3,"(4, 6)",0,1
14,6,0200,3,3,"(4, 6)",0,0020,3,0,"(4, 5)",0,1
14,7,0020,3,0,"(4, 5)",2,0020,3,0,"(4, 4)",0,1
14,8,0020,3,0,"(4, 4)",0,0020,3,0,"(4, 3)",0,1
14,9,0020,3,0,"(4, 3)",0,0020,3,0,"(4, 2)",0,1
14,10,0020,3,0,"(4, 2)",0,0020,3,0,"(4, 1)",0,1
14,11,0020,3,0,"(4, 1)",3,0200,3,3,"(3, 1)",0,1
14,12,0200,3,3,"(3, 1)",0,3020,3,0,"(3, 0)",0,1
14,13,3020,3,0,"(3, 0)",0,3020,3,0,"(3, 0)",3,0
15,0,0020,3,0,"(5, 5)",1,0002,3,1,"(6, 5)",0,1
15,1,0002,3,1,"(6, 5)",3,0002,3,1,"(7, 5)",0,1
15,2,0002,3,1,"(7, 5)",3,0002,3,1,"(8, 5)",0,1
15,3,0002,3,1,"(8, 5)",0,0020,3,0,"(8, 4)",0,1
15,4,0020,3,0,"(8, 4)",3,0200,3,3,"(7, 4)",0,1
15,5,0200,3,3,"(7, 4)",2,2000,3,2,"(7, 5)",0,1
15,6,2000,3,2,"(7, 5)",1,0002,3,1,"(8, 5)",0,1
15,7,0002,3,1,"(8, 5)",1,0302,3,1,"(9, 5)",0,1
15,8,0302,3,1,"(9, 5)",0,0320,3,0,"(9, 4)",0,1
15,9,0320,3,0,"(9, 4)",1,0320,3,0,"(9, 4)",3,0
16,0,0020,3,0,"(5, 5)",3,0200,3,3,"(4, 5)",0,1
16,1,0200,3,3,"(4, 5)",0,0020,3,0,"(4, 4)",0,1
16,2,0020,3,0,"(4, 4)",2,0020,3,0,"(4, 3)",0,1
16,3,0020,3,0,"(4, 3)",1,0002,3,1,"(5, 3)",0,1
16,4,0002,3,1,"(5, 3)",1,0002,3,1,"(6, 3)",0,1
16,5,0002,3,1,"(6, 3)",1,0002,3,1,"(7, 3)",0,1
16,6,0002,3,1,"(7, 3)",0,0020,3,0,"(7, 2)",0,1
16,7,0020,3,0,"(7, 2)",2,0020,3,0,"(7, 1)",0,1
16,8,0020,3,0,"(7, 1)",3,0200,3,3,"(6, 1)",0,1
16,9,0200,3,3,"(6, 1)",2,2000,3,2,"(6, 2)",0,1
16,10,2000,3,2,"(6, 2)",3,0200,3,3,"(5, 2)",0,1
16,11,0200,3,3,"(5, 2)",0,0020,3,0,"(5, 1)",0,1
16,12,0020,3,0,"(5, 1)",0,3020,3,0,"(5, 0)",0,1
16,13,3020,3,0,"(5, 0)",2,3020,3,0,"(5, 0)",3,0
17,0,0020,3,0,"(5, 5)",3,0200,3,3,"(4, 5)",0,1
17,1,0200,3,3,"(4, 5)",3,0200,3,3,"(3, 5)",0,1
17,2,0200,3,3,"(3, 5)",0,0020,3,0,"(3, 4)",0,1
17,3,0020,3,0,"(3, 4)",2,0020,3,0,"(3, 3)",0,1
17,4,0020,3,0,"(3, 3)",2,0020,3,0,"(3, 2)",0,1
17,5,0020,3,0,"(3, 2)",1,0002,3,1,"(4, 2)",0,1
17,6,0002,3,1,"(4, 2)",0,0020,3,0,"(4, 1)",0,1
17,7,0020,3,0,"(4, 1)",0,3020,3,0,"(4, 0)",0,1
17,8,3020,3,0,"(4, 0)",2,3020,3,0,"(4, 0)",3,0
18,0,0020,3,0,"(5, 5)",3,0200,3,3,"(4, 5)",0,1
18,1,0200,3,3,"(4, 5)",3,0200,3,3,"(3, 5)",0,1
18,2,0200,3,3,"(3, 5)",3,0200,3,3,"(2, 5)",0,1
18,3,0200,3,3,"(2, 5)",3,0200,3,3,"(1, 5)",0,1
18,4,0200,3,3,"(1, 5)",0,0020,3,0,"(1, 4)",0,1
18,5,0020,3,0,"(1, 4)",0,0020,3,0,"(1, 3)",0,1
18,6,0020,3,0,"(1, 3)",0,0020,3,0,"(1, 2)",0,1
18,7,0020,3,0,"(1, 2)",2,0020,3,0,"(1, 1)",0,1
18,8,0020,3,0,"(1, 1)",1,0002,3,1,"(2, 1)",0,1
18,9,0002,3,1,"(2, 1)",2,2000,3,2,"(2, 2)",0,1
18,10,2000,3,2,"(2, 2)",0,2000,3,2,"(2, 3)",0,1
18,11,2000,3,2,"(2, 3)",1,0002,3,1,"(3, 3)",0,1
18,12,0002,3,1,"(3, 3)",0,0020,3,0,"(3, 2)",0,1
18,13,0020,3,0,"(3, 2)",3,0200,3,3,"(2, 2)",0,1
18,14,0200,3,3,"(2, 2)",2,2000,3,2,"(2, 3)",0,1
18,15,2000,3,2,"(2, 3)",3,0200,3,3,"(1, 3)",0,1
18,16,0200,3,3,"(1, 3)",2,2000,3,2,"(1, 4)",0,1
18,17,2000,3,2,"(1, 4)",1,0002,3,1,"(2, 4)",0,1
18,18,0002,3,1,"(2, 4)",0,0020,3,0,"(2, 3)",0,1
18,19,0020,3,0,"(2, 3)",0,0020,3,0,"(2, 2)",0,1
18,20,0020,3,0,"(2, 2)",0,0020,3,0,"(2, 1)",0,1
18,21,0020,3,0,"(2, 1)",1,0002,3,1,"(3, 1)",0,1
18,22,0002,3,1,"(3, 1)",3,0002,3,1,"(4, 1)",0,1
18,23,0002,3,1,"(4, 1)",0,3020,3,0,"(4, 0)",0,1
18,24,3020,3,0,"(4, 0)",0,3020,3,0,"(4, 0)",3,0
19,0,0020,3,0,"(5, 5)",1,0002,3,1,"(6, 5)",0,1
19,1,0002,3,1,"(6, 5)",1,0002,3,1,"(7, 5)",0,1
19,2,0002,3,1,"(7, 5)",0,0020,3,0,"(7, 4)",0,1
19,3,0020,3,0,"(7, 4)",0,0020,3,0,"(7, 3)",0,1
19,4,0020,3,0,"(7, 3)",2,0020,3,0,"(7, 2)",0,1
19,5,0020,3,0,"(7, 2)",1,0002,3,1,"(8, 2)",0,1
19,6,0002,3,1,"(8, 2)",1,0302,3,1,"(9, 2)",0,1
19,7,0302,3,1,"(9, 2)",1,0302,3,1,"(9, 2)",3,0
20,0,0020,3,0,"(5, 5)",0,0020,3,0,"(5, 4)",0,1
20,1,0020,3,0,"(5, 4)",0,0020,3,0,"(5, 3)",0,1
20,2,0020,3,0,"(5, 3)",1,0002,3,1,"(6, 3)",0,1
20,3,0002,3,1,"(6, 3)",1,0002,3,1,"(7, 3)",0,1
20,4,0002,3,1,"(7, 3)",2,2000,3,2,"(7, 4)",0,1
20,5,2000,3,2,"(7, 4)",2,2000,3,2,"(7, 5)",0,1
20,6,2000,3,2,"(7, 5)",2,2000,3,2,"(7, 6)",0,1
20,7,2000,3,2,"(7, 6)",0,2000,3,2,"(7, 7)",0,1
20,8,2000,3,2,"(7, 7)",3,0200,3,3,"(6, 7)",0,1
20,9,0200,3,3,"(6, 7)",0,0020,3,0,"(6, 6)",0,1
20,10,0020,3,0,"(6, 6)",2,0020,3,0,"(6, 5)",0,1
20,11,0020,3,0,"(6, 5)",1,0002,3,1,"(7, 5)",0,1
20,12,0002,3,1,"(7, 5)",3,0002,3,1,"(8, 5)",0,1
20,13,0002,3,1,"(8, 5)",1,0312,3,1,"(9, 5)",0,1
20,14,0312,3,1,"(9, 5)",2,2300,4,2,"(9, 6)",1,1
20,15,2300,4,2,"(9, 6)",1,2300,4,2,"(9, 6)",3,0
21,0,0020,3,0,"(5, 5)",3,0200,3,3,"(4, 5)",0,1
21,1,0200,3,3,"(4, 5)",0,0020,3,0,"(4, 4)",0,1
21,2,0020,3,0,"(4, 4)",3,0200,3,3,"(3, 4)",0,1
21,3,0200,3,3,"(3, 4)",0,0020,3,0,"(3, 3)",0,1
21,4,0020,3,0,"(3, 3)",0,0020,3,0,"(3, 2)",0,1
21,5,0020,3,0,"(3, 2)",0,0020,3,0,"(3, 1)",0,1
21,6,0020,3,0,"(3, 1)",2,3020,3,0,"(3, 0)",0,1
21,7,3020,3,0,"(3, 0)",3,3200,3,3,"(2, 0)",0,1
21,8,3200,3,3,"(2, 0)",0,3200,3,3,"(2, 0)",3,0
22,0,0020,3,0,"(5, 5)",0,0020,3,0,"(5, 4)",0,1
22,1,0020,3,0,"(5, 4)",0,0020,3,0,"(5, 3)",0,1
22,2,0020,3,0,"(5, 3)",2,0020,3,0,"(5, 2)",0,1
22,3,0020,3,0,"(5, 2)",0,0020,3,0,"(5, 1)",0,1
22,4,0020,3,0,"(5, 1)",1,0002,3,1,"(6, 1)",0,1
22,5,0002,3,1,"(6, 1)",3,0002,3,1,"(7, 1)",0,1
22,6,0002,3,1,"(7, 1)",3,0002,3,1,"(8, 1)",0,1
22,7,0002,3,1,"(8, 1)",2,2000,3,2,"(8, 2)",0,1
22,8,2000,3,2,"(8, 2)",3,0200,3,3,"(7, 2)",0,1
22,9,0200,3,3,"(7, 2)",3,0200,3,3,"(6, 2)",0,1
22,10,0200,3,3,"(6, 2)",2,2000,3,2,"(6, 3)",0,1
22,11,2000,3,2,"(6, 3)",1,0002,3,1,"(7, 3)",0,1
22,12,0002,3,1,"(7, 3)",1,0002,3,1,"(8, 3)",0,1
22,13,0002,3,1,"(8, 3)",1,0302,3,1,"(9, 3)",0,1
22,14,0302,3,1,"(9, 3)",3,0302,3,1,"(9, 3)",3,0
23,0,0020,3,0,"(5, 5)",2,0020,3,0,"(5, 4)",0,1
23,1,0020,3,0,"(5, 4)",1,0002,3,1,"(6, 4)",0,1
23,2,0002,3,1,"(6, 4)",3,0002,3,1,"(7, 4)",0,1
23,3,0002,3,1,"(7, 4)",2,2000,3,2,"(7, 5)",0,1
23,4,2000,3,2,"(7, 5)",3,0200,3,3,"(6, 5)",0,1
23,5,0200,3,3,"(6, 5)",3,0200,3,3,"(5, 5)",0,1
23,6,0200,3,3,"(5, 5)",2,2000,3,2,"(5, 6)",0,1
23,7,2000,3,2,"(5, 6)",2,2000,3,2,"(5, 7)",0,1
23,8,2000,3,2,"(5, 7)",3,0200,3,3,"(4, 7)",0,1
23,9,0200,3,3,"(4, 7)",0,0020,3,0,"(4, 6)",0,1
23,10,0020,3,0,"(4, 6)",1,0002,3,1,"(5, 6)",0,1
23,11,0002,3,1,"(5, 6)",3,0002,3,1,"(6, 6)",0,1
23,12,0002,3,1,"(6, 6)",0,0020,3,0,"(6, 5)",0,1
23,13,0020,3,0,"(6, 5)",3,0200,3,3,"(5, 5)",0,1
23,14,0200,3,3,"(5, 5)",1,0200,3,3,"(4, 5)",0,1
23,15,0200,3,3,"(4, 5)",0,0020,3,0,"(4, 4)",0,1
23,16,0020,3,0,"(4, 4)",3,0200,3,3,"(3, 4)",0,1
23,17,0200,3,3,"(3, 4)",1,0200,3,3,"(2, 4)",0,1
23,18,0200,3,3,"(2, 4)",3,0200,3,3,"(1, 4)",0,1
23,19,0200,3,3,"(1, 4)",2,2000,3,2,"(1, 5)",0,1
23,20,2000,3,2,"(1, 5)",3,0203,3,3,"(0, 5)",0,1
23,21,0203,3,3,"(0, 5)",0,0023,3,0,"(0, 4)",0,1
23,22,0023,3,0,"(0, 4)",0,0023,3,0,"(0, 3)",0,1
23,23,0023,3,0,"(0, 3)",2,0023,3,0,"(0, 2)",0,1
23,24,0023,3,0,"(0, 2)",2,0023,3,0,"(0, 1)",0,1
23,25,0023,3,0,"(0, 1)",0,3023,3,0,"(0, 0)",0,1
23,26,3023,3,0,"(0, 0)",2,3023,3,0,"(0, 0)",3,0
24,0,0020,3,0,"(5, 5)",3,0200,3,3,"(4, 5)",0,1
24,1,0200,3,3,"(4, 5)",1,0200,3,3,"(3, 5)",0,1
24,2,0200,3,3,"(3, 5)",0,0020,3,0,"(3, 4)",0,1
24,3,0020,3,0,"(3, 4)",0,0020,3,0,"(3, 3)",0,1
24,4,0020,3,0,"(3, 3)",0,0020,3,0,"(3, 2)",0,1
24,5,0020,3,0,"(3, 2)",1,0002,3,1,"(4, 2)",0,1
24,6,0002,3,1,"(4, 2)",3,0102,3,1,"(5, 2)",0,1
24,7,0102,3,1,"(5, 2)",0,0020,3,0,"(5, 1)",0,1
24,8,0020,3,0,"(5, 1)",2,3020,3,0,"(5, 0)",0,1
24,9,3020,3,0,"(5, 0)",2,3020,3,0,"(5, 0)",3,0
25,0,0020,3,0,"(5, 5)",0,0020,3,0,"(5, 4)",0,1
25,1,0020,3,0,"(5, 4)",0,0020,3,0,"(5, 3)",0,1
25,2,0020,3,0,"(5, 3)",3,0201,3,3,"(4, 3)",0,1
25,3,0201,3,3,"(4, 3)",1,0200,4,3,"(3, 3)",1,1
25,4,0200,4,3,"(3, 3)",0,0010,4,0,"(3, 2)",0,1
25,5,0010,4,0,"(3, 2)",2,0020,4,0,"(3, 1)",0,1
25,6,0020,4,0,"(3, 1)",3,0200,4,3,"(2, 1)",0,1
25,7,0200,4,3,"(2, 1)",2,2200,4,2,"(2, 2)",0,1
25,8,2200,4,2,"(2, 2)",3,0200,4,3,"(1, 2)",0,1
25,9,0200,4,3,"(1, 2)",3,0203,4,3,"(0, 2)",0,1
25,10,0203,4,3,"(0, 2)",3,0203,4,3,"(0, 2)",3,0
26,0,0120,3,0,"(5, 5)",1,0002,4,1,"(6, 5)",1,1
26,1,0002,4,1,"(6, 5)",0,0010,4,0,"(6, 4)",0,1
26,2,0010,4,0,"(6, 4)",0,0020,4,0,"(6, 3)",0,1
26,3,0020,4,0,"(6, 3)",3,0200,4,3,"(5, 3)",0,1
26,4,0200,4,3,"(5, 3)",1,0200,4,3,"(4, 3)",0,1
26,5,0200,4,3,"(4, 3)",1,0200,4,3,"(3, 3)",0,1
26,6,0200,4,3,"(3, 3)",1,0200,4,3,"(2, 3)",0,1
26,7,0200,4,3,"(2, 3)",0,0020,4,0,"(2, 2)",0,1
26,8,0020,4,0,"(2, 2)",0,0020,4,0,"(2, 1)",0,1
26,9,0020,4,0,"(2, 1)",2,3020,4,0,"(2, 0)",0,1
26,10,3020,4,0,"(2, 0)",3,3200,4,3,"(1, 0)",0,1
26,11,3200,4,3,"(1, 0)",1,3203,4,3,"(0, 0)",0,1
26,12,3203,4,3,"(0, 0)",3,3203,4,3,"(0, 0)",3,0
27,0,1020,3,0,"(5, 5)",1,0002,3,1,"(6, 5)",0,1
27,1,0002,3,1,"(6, 5)",3,0002,3,1,"(7, 5)",0,1
27,2,0002,3,1,"(7, 5)",1,0002,3,1,"(8, 5)",0,1
27,3,0002,3,1,"(8, 5)",0,0020,3,0,"(8, 4)",0,1
27,4,0020,3,0,"(8, 4)",0,0020,3,0,"(8, 3)",0,1
27,5,0020,3,0,"(8, 3)",3,0200,3,3,"(7, 3)",0,1
27,6,0200,3,3,"(7, 3)",2,2000,3,2,"(7, 4)",0,1
27,7,2000,3,2,"(7, 4)",2,2000,3,2,"(7, 5)",0,1
27,8,2000,3,2,"(7, 5)",2,2000,3,2,"(7, 6)",0,1
27,9,2000,3,2,"(7, 6)",1,0002,3,1,"(8, 6)",0,1
27,10,0002,3,1,"(8, 6)",1,0302,3,1,"(9, 6)",0,1
27,11,0302,3,1,"(9, 6)",1,0302,3,1,"(9, 6)",3,0
28,0,0020,3,0,"(5, 5)",1,0002,3,1,"(6, 5)",0,1
28,1,0002,3,1,"(6, 5)",1,0002,3,1,"(7, 5)",0,1
28,2,0002,3,1,"(7, 5)",1,0002,3,1,"(8, 5)",0,1
28,3,0002,3,1,"(8, 5)",1,0302,3,1,"(9, 5)",0,1
28,4,0302,3,1,"(9, 5)",1,0302,3,1,"(9, 5)",3,0
29,0,0020,3,0,"(5, 5)",3,0200,3,3,"(4, 5)",0,1
29,1,0200,3,3,"(4, 5)",1,0200,3,3,"(3, 5)",0,1
29,2,0200,3,3,"(3, 5)",3,0200,3,3,"(2, 5)",0,1
29,3,0200,3,3,"(2, 5)",1,0200,3,3,"(1, 5)",0,1
29,4,0200,3,3,"(1, 5)",2,2010,3,2,"(1, 6)",0,1
29,5,2010,3,2,"(1, 6)",1,0002,3,1,"(2, 6)",0,1
29,6,0002,3,1,"(2, 6)",3,0002,3,1,"(3, 6)",0,1
29,7,0002,3,1,"(3, 6)",2,2000,3,2,"(3, 7)",0,1
29,8,2000,3,2,"(3, 7)",0,2000,3,2,"(3, 8)",0,1
29,9,2000,3,2,"(3, 8)",3,0200,3,3,"(2, 8)",0,1
29,10,0200,3,3,"(2, 8)",3,1200,3,3,"(1, 8)",0,1
29,11,1200,3,3,"(1, 8)",1,0203,3,3,"(0, 8)",0,1
29,12,0203,3,3,"(0, 8)",2,2033,3,2,"(0, 9)",0,1
29,13,2033,3,2,"(0, 9)",2,2033,3,2,"(0, 9)",3,0
30,0,0020,3,0,"(5, 5)",1,0002,3,1,"(6, 5)",0,1
30,1,0002,3,1,"(6, 5)",2,2000,3,2,"(6, 6)",0,1
30,2,2000,3,2,"(6, 6)",3,0200,3,3,"(5, 6)",0,1
30,3,0200,3,3,"(5, 6)",0,0020,3,0,"(5, 5)",0,1
30,4,0020,3,0,"(5, 5)",3,0200,3,3,"(4, 5)",0,1
30,5,0200,3,3,"(4, 5)",0,0020,3,0,"(4, 4)",0,1
30,6,0020,3,0,"(4, 4)",0,0020,3,0,"(4, 3)",0,1
30,7,0020,3,0,"(4, 3)",3,0200,3,3,"(3, 3)",0,1
30,8,0200,3,3,"(3, 3)",0,0020,3,0,"(3, 2)",0,1
30,9,0020,3,0,"(3, 2)",1,0002,3,1,"(4, 2)",0,1
30,10,0002,3,1,"(4, 2)",1,0002,3,1,"(5, 2)",0,1
30,11,0002,3,1,"(5, 2)",3,0002,3,1,"(6, 2)",0,1
30,12,0002,3,1,"(6, 2)",1,0002,3,1,"(7, 2)",0,1
30,13,0002,3,1,"(7, 2)",1,0002,3,1,"(8, 2)",0,1
30,14,0002,3,1,"(8, 2)",2,2000,3,2,"(8, 3)",0,1
30,15,2000,3,2,"(8, 3)",3,0200,3,3,"(7, 3)",0,1
30,16,0200,3,3,"(7, 3)",1,0200,3,3,"(6, 3)",0,1
30,17,0200,3,3,"(6, 3)",2,2000,3,2,"(6, 4)",0,1
30,18,2000,3,2,"(6, 4)",1,0002,3,1,"(7, 4)",0,1
30,19,0002,3,1,"(7, 4)",0,0020,3,0,"(7, 3)",0,1
30,20,0020,3,0,"(7, 3)",0,0020,3,0,"(7, 2)",0,1
30,21,0020,3,0,"(7, 2)",0,0020,3,0,"(7, 1)",0,1
30,22,0020,3,0,"(7, 1)",3,0200,3,3,"(6, 1)",0,1
30,23,0200,3,3,"(6, 1)",2,2000,3,2,"(6, 2)",0,1
30,24,2000,3,2,"(6, 2)",2,2000,3,2,"(6, 3)",0,1
30,25,2000,3,2,"(6, 3)",3,0200,3,3,"(5, 3)",0,1
30,26,0200,3,3,"(5, 3)",2,2000,3,2,"(5, 4)",0,1
30,27,2000,3,2,"(5, 4)",3,0200,3,3,"(4, 4)",0,1
30,28,0200,3,3,"(4, 4)",2,2000,3,2,"(4, 5)",0,1
30,29,2000,3,2,"(4, 5)",0,2000,3,2,"(4, 6)",0,1
30,30,2000,3,2,"(4, 6)",3,0200,3,3,"(3, 6)",0,1
30,31,0200,3,3,"(3, 6)",2,2000,3,2,"(3, 7)",0,1
30,32,2000,3,2,"(3, 7)",0,2000,3,2,"(3, 8)",0,1
30,33,2000,3,2,"(3, 8)",3,0200,3,3,"(2, 8)",0,1
30,34,0200,3,3,"(2, 8)",0,0020,3,0,"(2, 7)",0,1
30,35,0020,3,0,"(2, 7)",3,0200,3,3,"(1, 7)",0,1
30,36,0200,3,3,"(1, 7)",3,1203,3,3,"(0, 7)",0,1
30,37,1203,3,3,"(0, 7)",2,2003,3,2,"(0, 8)",0,1
30,38,2003,3,2,"(0, 8)",0,2033,3,2,"(0, 9)",0,1
30,39,2033,3,2,"(0, 9)",3,2033,3,2,"(0, 9)",3,0
31,0,0020,3,0,"(5, 5)",3,0200,3,3,"(4, 5)",0,1
31,1,0200,3,3,"(4, 5)",3,0200,3,3,"(3, 5)",0,1
31,2,0200,3,3,"(3, 5)",1,0200,3,3,"(2, 5)",0,1
31,3,0200,3,3,"(2, 5)",3,0200,3,3,"(1, 5)",0,1
31,4,0200,3,3,"(1, 5)",2,2000,3,2,"(1, 6)",0,1
31,5,2000,3,2,"(1, 6)",0,2000,3,2,"(1, 7)",0,1
31,6,2000,3,2,"(1, 7)",1,0002,3,1,"(2, 7)",0,1
31,7,0002,3,1,"(2, 7)",2,2000,3,2,"(2, 8)",0,1
31,8,2000,3,2,"(2, 8)",0,2030,3,2,"(2, 9)",0,1
31,9,2030,3,2,"(2, 9)",2,2030,3,2,"(2, 9)",3,0
32,0,0020,3,0,"(5, 5)",3,0200,3,3,"(4, 5)",0,1
32,1,0200,3,3,"(4, 5)",2,2000,3,2,"(4, 6)",0,1
32,2,2000,3,2,"(4, 6)",0,2000,3,2,"(4, 7)",0,1
32,3,2000,3,2,"(4, 7)",2,2000,3,2,"(4, 8)",0,1
32,4,2000,3,2,"(4, 8)",1,0002,3,1,"(5, 8)",0,1
32,5,0002,3,1,"(5, 8)",0,0020,3,0,"(5, 7)",0,1
32,6,0020,3,0,"(5, 7)",0,0020,3,0,"(5, 6)",0,1
32,7,0020,3,0,"(5, 6)",0,0020,3,0,"(5, 5)",0,1
32,8,0020,3,0,"(5, 5)",0,0020,3,0,"(5, 4)",0,1
32,9,0020,3,0,"(5, 4)",1,0002,3,1,"(6, 4)",0,1
32,10,0002,3,1,"(6, 4)",3,0002,3,1,"(7, 4)",0,1
32,11,0002,3,1,"(7, 4)",2,2000,3,2,"(7, 5)",0,1
32,12,2000,3,2,"(7, 5)",2,2000,3,2,"(7, 6)",0,1
32,13,2000,3,2,"(7, 6)",0,2000,3,2,"(7, 7)",0,1
32,14,2000,3,2,"(7, 7)",2,2000,3,2,"(7, 8)",0,1
32,15,2000,3,2,"(7, 8)",3,0200,3,3,"(6, 8)",0,1
32,16,0200,3,3,"(6, 8)",1,0200,3,3,"(5, 8)",0,1
32,17,0200,3,3,"(5, 8)",0,0020,3,0,"(5, 7)",0,1
32,18,0020,3,0,"(5, 7)",2,0020,3,0,"(5, 6)",0,1
32,19,0020,3,0,"(5, 6)",2,0020,3,0,"(5, 5)",0,1
32,20,0020,3,0,"(5, 5)",3,0200,3,3,"(4, 5)",0,1
32,21,0200,3,3,"(4, 5)",2,2000,3,2,"(4, 6)",0,1
32,22,2000,3,2,"(4, 6)",0,2000,3,2,"(4, 7)",0,1
32,23,2000,3,2,"(4, 7)",0,2000,3,2,"(4, 8)",0,1
32,24,2000,3,2,"(4, 8)",0,2030,3,2,"(4, 9)",0,1
32,25,2030,3,2,"(4, 9)",2,2030,3,2,"(4, 9)",3,0
33,0,0020,3,0,"(5, 5)",2,0020,3,0,"(5, 4)",0,1
33,1,0020,3,0,"(5, 4)",0,0020,3,0,"(5, 3)",0,1
33,2,0020,3,0,"(5, 3)",2,0020,3,0,"(5, 2)",0,1
33,3,0020,3,0,"(5, 2)",1,0002,3,1,"(6, 2)",0,1
33,4,0002,3,1,"(6, 2)",2,2000,3,2,"(6, 3)",0,1
33,5,2000,3,2,"(6, 3)",1,0002,3,1,"(7, 3)",0,1
33,6,0002,3,1,"(7, 3)",0,0020,3,0,"(7, 2)",0,1
33,7,0020,3,0,"(7, 2)",0,0020,3,0,"(7, 1)",0,1
33,8,0020,3,0,"(7, 1)",2,3020,3,0,"(7, 0)",0,1
33,9,3020,3,0,"(7, 0)",1,3002,3,1,"(8, 0)",0,1
33,10,3002,3,1,"(8, 0)",1,3302,3,1,"(9, 0)",0,1
33,11,3302,3,1,"(9, 0)",2,2300,3,2,"(9, 1)",0,1
33,12,2300,3,2,"(9, 1)",1,2300,3,2,"(9, 1)",3,0
34,0,0020,3,0,"(5, 5)",2,0020,3,0,"(5, 4)",0,1
34,1,0020,3,0,"(5, 4)",2,0020,3,0,"(5, 3)",0,1
34,2,0020,3,0,"(5, 3)",0,0020,3,0,"(5, 2)",0,1
34,3,0020,3,0,"(5, 2)",2,0020,3,0,"(5, 1)",0,1
34,4,0020,3,0,"(5, 1)",0,3020,3,0,"(5, 0)",0,1
34,5,3020,3,0,"(5, 0)",3,3200,3,3,"(4, 0)",0,1
34,6,3200,3,3,"(4, 0)",1,3200,3,3,"(3, 0)",0,1
34,7,3200,3,3,"(3, 0)",2,2000,3,2,"(3, 1)",0,1
34,8,2000,3,2,"(3, 1)",2,2000,3,2,"(3, 2)",0,1
34,9,2000,3,2,"(3, 2)",3,0200,3,3,"(2, 2)",0,1
34,10,0200,3,3,"(2, 2)",1,0200,3,3,"(1, 2)",0,1
34,11,0200,3,3,"(1, 2)",2,2000,3,2,"(1, 3)",0,1
34,12,2000,3,2,"(1, 3)",0,2000,3,2,"(1, 4)",0,1
34,13,2000,3,2,"(1, 4)",2,2000,3,2,"(1, 5)",0,1
34,14,2000,3,2,"(1, 5)",1,0002,3,1,"(2, 5)",0,1
34,15,0002,3,1,"(2, 5)",1,0002,3,1,"(3, 5)",0,1
34,16,0002,3,1,"(3, 5)",2,2000,3,2,"(3, 6)",0,1
34,17,2000,3,2,"(3, 6)",3,0200,3,3,"(2, 6)",0,1
34,18,0200,3,3,"(2, 6)",3,0200,3,3,"(1, 6)",0,1
34,19,0200,3,3,"(1, 6)",0,0020,3,0,"(1, 5)",0,1
34,20,0020,3,0,"(1, 5)",3,0203,3,3,"(0, 5)",0,1
34,21,0203,3,3,"(0, 5)",1,0203,3,3,"(0, 5)",3,0
35,0,0020,3,0,"(5, 5)",3,0200,3,3,"(4, 5)",0,1
35,1,0200,3,3,"(4, 5)",0,0020,3,0,"(4, 4)",0,1
35,2,0020,3,0,"(4, 4)",0,0020,3,0,"(4, 3)",0,1
35,3,0020,3,0,"(4, 3)",3,0200,3,3,"(3, 3)",0,1
35,4,0200,3,3,"(3, 3)",1,0200,3,3,"(2, 3)",0,1
35,5,0200,3,3,"(2, 3)",1,0200,3,3,"(1, 3)",0,1
35,6,0200,3,3,"(1, 3)",1,0203,3,3,"(0, 3)",0,1
35,7,0203,3,3,"(0, 3)",0,0023,3,0,"(0, 2)",0,1
35,8,0023,3,0,"(0, 2)",1,0002,3,1,"(1, 2)",0,1
35,9,0002,3,1,"(1, 2)",0,0020,3,0,"(1, 1)",0,1
35,10,0020,3,0,"(1, 1)",1,0002,3,1,"(2, 1)",0,1
35,11,0002,3,1,"(2, 1)",2,2000,3,2,"(2, 2)",0,1
35,12,2000,3,2,"(2, 2)",2,2000,3,2,"(2, 3)",0,1
35,13,2000,3,2,"(2, 3)",1,0002,3,1,"(3, 3)",0,1
35,14,0002,3,1,"(3, 3)",2,2000,3,2,"(3, 4)",0,1
35,15,2000,3,2,"(3, 4)",1,0002,3,1,"(4, 4)",0,1
35,16,0002,3,1,"(4, 4)",0,0020,3,0,"(4, 3)",0,1
35,17,0020,3,0,"(4, 3)",3,0200,3,3,"(3, 3)",0,1
35,18,0200,3,3,"(3, 3)",2,2000,3,2,"(3, 4)",0,1
35,19,2000,3,2,"(3, 4)",0,2000,3,2,"(3, 5)",0,1
35,20,2000,3,2,"(3, 5)",2,2000,3,2,"(3, 6)",0,1
35,21,2000,3,2,"(3, 6)",2,2000,3,2,"(3, 7)",0,1
35,22,2000,3,2,"(3, 7)",2,2000,3,2,"(3, 8)",0,1
35,23,2000,3,2,"(3, 8)",0,2030,3,2,"(3, 9)",0,1
35,24,2030,3,2,"(3, 9)",0,2030,3,2,"(3, 9)",3,0
36,0,0020,3,0,"(5, 5)",1,0002,3,1,"(6, 5)",0,1
36,1,0002,3,1,"(6, 5)",2,2000,3,2,"(6, 6)",0,1
36,2,2000,3,2,"(6, 6)",2,2000,3,2,"(6, 7)",0,1
36,3,2000,3,2,"(6, 7)",2,2010,3,2,"(6, 8)",0,1
36,4,2010,3,2,"(6, 8)",2,2030,4,2,"(6, 9)",1,1
36,5,2030,4,2,"(6, 9)",2,2030,4,2,"(6, 9)",3,0
37,0,0020,3,0,"(5, 5)",1,0002,3,1,"(6, 5)",0,1
37,1,0002,3,1,"(6, 5)",1,0002,3,1,"(7, 5)",0,1
37,2,0002,3,1,"(7, 5)",0,0020,3,0,"(7, 4)",0,1
37,3,0020,3,0,"(7, 4)",2,0020,3,0,"(7, 3)",0,1
37,4,0020,3,0,"(7, 3)",0,0020,3,0,"(7, 2)",0,1
37,5,0020,3,0,"(7, 2)",3,0200,3,3,"(6, 2)",0,1
37,6,0200,3,3,"(6, 2)",2,2000,3,2,"(6, 3)",0,1
37,7,2000,3,2,"(6, 3)",3,0200,3,3,"(5, 3)",0,1
37,8,0200,3,3,"(5, 3)",3,0200,3,3,"(4, 3)",0,1
37,9,0200,3,3,"(4, 3)",1,0200,3,3,"(3, 3)",0,1
37,10,0200,3,3,"(3, 3)",3,0200,3,3,"(2, 3)",0,1
37,11,0200,3,3,"(2, 3)",1,0200,3,3,"(1, 3)",0,1
37,12,0200,3,3,"(1, 3)",1,0203,3,3,"(0, 3)",0,1
37,13,0203,3,3,"(0, 3)",0,0023,3,0,"(0, 2)",0,1
37,14,0023,3,0,"(0, 2)",3,0023,3,0,"(0, 2)",3,0
38,0,0020,3,0,"(5, 5)",3,0200,3,3,"(4, 5)",0,1
38,1,0200,3,3,"(4, 5)",1,0200,3,3,"(3, 5)",0,1
38,2,0200,3,3,"(3, 5)",2,2000,3,2,"(3, 6)",0,1
38,3,2000,3,2,"(3, 6)",2,2000,3,2,"(3, 7)",0,1
38,4,2000,3,2,"(3, 7)",3,0200,3,3,"(2, 7)",0,1
38,5,0200,3,3,"(2, 7)",0,0020,3,0,"(2, 6)",0,1
38,6,0020,3,0,"(2, 6)",0,0020,3,0,"(2, 5)",0,1
38,7,0020,3,0,"(2, 5)",1,0002,3,1,"(3, 5)",0,1
38,8,0002,3,1,"(3, 5)",3,0002,3,1,"(4, 5)",0,1
38,9,0002,3,1,"(4, 5)",1,0002,3,1,"(5, 5)",0,1
38,10,0002,3,1,"(5, 5)",2,2000,3,2,"(5, 6)",0,1
38,11,2000,3,2,"(5, 6)",3,0200,3,3,"(4, 6)",0,1
38,12,0200,3,3,"(4, 6)",0,0020,3,0,"(4, 5)",0,1
38,13,0020,3,0,"(4, 5)",1,0002,3,1,"(5, 5)",0,1
38,14,0002,3,1,"(5, 5)",1,0002,3,1,"(6, 5)",0,1
38,15,0002,3,1,"(6, 5)",2,2000,3,2,"(6, 6)",0,1
38,16,2000,3,2,"(6, 6)",3,0200,3,3,"(5, 6)",0,1
38,17,0200,3,3,"(5, 6)",2,2000,3,2,"(5, 7)",0,1
38,18,2000,3,2,"(5, 7)",3,0200,3,3,"(4, 7)",0,1
38,19,0200,3,3,"(4, 7)",1,0200,3,3,"(3, 7)",0,1
38,20,0200,3,3,"(3, 7)",2,2000,3,2,"(3, 8)",0,1
38,21,2000,3,2,"(3, 8)",3,0200,3,3,"(2, 8)",0,1
38,22,0200,3,3,"(2, 8)",0,0020,3,0,"(2, 7)",0,1
38,23,0020,3,0,"(2, 7)",3,0200,3,3,"(1, 7)",0,1
38,24,0200,3,3,"(1, 7)",1,0203,3,3,"(0, 7)",0,1
38,25,0203,3,3,"(0, 7)",2,2003,3,2,"(0, 8)",0,1
38,26,2003,3,2,"(0, 8)",1,0002,3,1,"(1, 8)",0,1
38,27,0002,3,1,"(1, 8)",0,0020,3,0,"(1, 7)",0,1
38,28,0020,3,0,"(1, 7)",3,0203,3,3,"(0, 7)",0,1
38,29,0203,3,3,"(0, 7)",0,0023,3,0,"(0, 6)",0,1
38,30,0023,3,0,"(0, 6)",3,0023,3,0,"(0, 6)",3,0
39,0,0020,3,0,"(5, 5)",1,0002,3,1,"(6, 5)",0,1
39,1,0002,3,1,"(6, 5)",2,2000,3,2,"(6, 6)",0,1
39,2,2000,3,2,"(6, 6)",3,0200,3,3,"(5, 6)",0,1
39,3,0200,3,3,"(5, 6)",0,0020,3,0,"(5, 5)",0,1
39,4,0020,3,0,"(5, 5)",0,0020,3,0,"(5, 4)",0,1
39,5,0020,3,0,"(5, 4)",1,0002,3,1,"(6, 4)",0,1
39,6,0002,3,1,"(6, 4)",2,2000,3,2,"(6, 5)",0,1
39,7,2000,3,2,"(6, 5)",1,0002,3,1,"(7, 5)",0,1
39,8,0002,3,1,"(7, 5)",0,0020,3,0,"(7, 4)",0,1
39,9,0020,3,0,"(7, 4)",2,0020,3,0,"(7, 3)",0,1
39,10,0020,3,0,"(7, 3)",0,0020,3,0,"(7, 2)",0,1
39,11,0020,3,0,"(7, 2)",0,0020,3,0,"(7, 1)",0,1
39,12,0020,3,0,"(7, 1)",3,0200,3,3,"(6, 1)",0,1
39,13,0200,3,3,"(6, 1)",0,3020,3,0,"(6, 0)",0,1
39,14,3020,3,0,"(6, 0)",2,3020,3,0,"(6, 0)",3,0
40,0,0020,3,0,"(5, 5)",2,0020,3,0,"(5, 4)",0,1
40,1,0020,3,0,"(5, 4)",3,0200,3,3,"(4, 4)",0,1
40,2,0200,3,3,"(4, 4)",2,2000,3,2,"(4, 5)",0,1
40,3,2000,3,2,"(4, 5)",3,0200,3,3,"(3, 5)",0,1
40,4,0200,3,3,"(3, 5)",0,0020,3,0,"(3, 4)",0,1
40,5,0020,3,0,"(3, 4)",0,0020,3,0,"(3, 3)",0,1
40,6,0020,3,0,"(3, 3)",2,0020,3,0,"(3, 2)",0,1
40,7,0020,3,0,"(3, 2)",1,0002,3,1,"(4, 2)",0,1
40,8,0002,3,1,"(4, 2)",3,0002,3,1,"(5, 2)",0,1
40,9,0002,3,1,"(5, 2)",0,0020,3,0,"(5, 1)",0,1
40,10,0020,3,0,"(5, 1)",1,0002,3,1,"(6, 1)",0,1
40,11,0002,3,1,"(6, 1)",2,2000,3,2,"(6, 2)",0,1
40,12,2000,3,2,"(6, 2)",0,2000,3,2,"(6, 3)",0,1
40,13,2000,3,2,"(6, 3)",0,2000,3,2,"(6, 4)",0,1
40,14,2000,3,2,"(6, 4)",1,0012,3,1,"(7, 4)",0,1
40,15,0012,3,1,"(7, 4)",1,0002,3,1,"(8, 4)",0,1
40,16,0002,3,1,"(8, 4)",1,0302,3,1,"(9, 4)",0,1
40,17,0302,3,1,"(9, 4)",1,0302,3,1,"(9, 4)",3,0
41,0,0020,3,0,"(5, 5)",1,0002,3,1,"(6, 5)",0,1
41,1,0002,3,1,"(6, 5)",1,0002,3,1,"(7, 5)",0,1
41,2,0002,3,1,"(7, 5)",3,0002,3,1,"(8, 5)",0,1
41,3,0002,3,1,"(8, 5)",1,0302,3,1,"(9, 5)",0,1
41,4,0302,3,1,"(9, 5)",0,0320,3,0,"(9, 4)",0,1
41,5,0320,3,0,"(9, 4)",3,0200,3,3,"(8, 4)",0,1
41,6,0200,3,3,"(8, 4)",3,0200,3,3,"(7, 4)",0,1
41,7,0200,3,3,"(7, 4)",1,0200,3,3,"(6, 4)",0,1
41,8,0200,3,3,"(6, 4)",0,0020,3,0,"(6, 3)",0,1
41,9,0020,3,0,"(6, 3)",1,0002,3,1,"(7, 3)",0,1
41,10,0002,3,1,"(7, 3)",1,0002,3,1,"(8, 3)",0,1
41,11,0002,3,1,"(8, 3)",1,0302,3,1,"(9, 3)",0,1
41,12,0302,3,1,"(9, 3)",2,2300,3,2,"(9, 4)",0,1
41,13,2300,3,2,"(9, 4)",0,2300,3,2,"(9, 5)",0,1
41,14,2300,3,2,"(9, 5)",0,2300,3,2,"(9, 6)",0,1
41,15,2300,3,2,"(9, 6)",0,2300,3,2,"(9, 7)",0,1
41,16,2300,3,2,"(9, 7)",1,2300,3,2,"(9, 7)",3,0
42,0,0020,3,0,"(5, 5)",1,0002,3,1,"(6, 5)",0,1
42,1,0002,3,1,"(6, 5)",3,0002,3,1,"(7, 5)",0,1
42,2,0002,3,1,"(7, 5)",2,2000,3,2,"(7, 6)",0,1
42,3,2000,3,2,"(7, 6)",2,2000,3,2,"(7, 7)",0,1
42,4,2000,3,2,"(7, 7)",2,2000,3,2,"(7, 8)",0,1
42,5,2000,3,2,"(7, 8)",0,2030,3,2,"(7, 9)",0,1
42,6,2030,3,2,"(7, 9)",2,2030,3,2,"(7, 9)",3,0
43,0,0020,3,0,"(5, 5)",0,0020,3,0,"(5, 4)",0,1
43,1,0020,3,0,"(5, 4)",2,0020,3,0,"(5, 3)",0,1
43,2,0020,3,0,"(5, 3)",3,0200,3,3,"(4, 3)",0,1
43,3,0200,3,3,"(4, 3)",2,2000,3,2,"(4, 4)",0,1
43,4,2000,3,2,"(4, 4)",1,0002,3,1,"(5, 4)",0,1
43,5,0002,3,1,"(5, 4)",1,0002,3,1,"(6, 4)",0,1
43,6,0002,3,1,"(6, 4)",0,0020,3,0,"(6, 3)",0,1
43,7,0020,3,0,"(6, 3)",1,0002,3,1,"(7, 3)",0,1
43,8,0002,3,1,"(7, 3)",0,0020,3,0,"(7, 2)",0,1
43,9,0020,3,0,"(7, 2)",1,1002,3,1,"(8, 2)",0,1
43,10,1002,3,1,"(8, 2)",2,2000,3,2,"(8, 3)",0,1
43,11,2000,3,2,"(8, 3)",2,2000,3,2,"(8, 4)",0,1
43,12,2000,3,2,"(8, 4)",2,2000,3,2,"(8, 5)",0,1
43,13,2000,3,2,"(8, 5)",0,2000,3,2,"(8, 6)",0,1
43,14,2000,3,2,"(8, 6)",1,0302,3,1,"(9, 6)",0,1
43,15,0302,3,1,"(9, 6)",0,0320,3,0,"(9, 5)",0,1
43,16,0320,3,0,"(9, 5)",0,0320,3,0,"(9, 4)",0,1
43,17,0320,3,0,"(9, 4)",0,0320,3,0,"(9, 3)",0,1
43,18,0320,3,0,"(9, 3)",1,0320,3,0,"(9, 3)",3,0
44,0,0020,3,0,"(5, 5)",2,0020,3,0,"(5, 4)",0,1
44,1,0020,3,0,"(5, 4)",3,0200,3,3,"(4, 4)",0,1
44,2,0200,3,3,"(4, 4)",1,0200,3,3,"(3, 4)",0,1
44,3,0200,3,3,"(3, 4)",0,0020,3,0,"(3, 3)",0,1
44,4,0020,3,0,"(3, 3)",1,0002,3,1,"(4, 3)",0,1
44,5,0002,3,1,"(4, 3)",3,0002,3,1,"(5, 3)",0,1
44,6,0002,3,1,"(5, 3)",1,0002,3,1,"(6, 3)",0,1
44,7,0002,3,1,"(6, 3)",0,0020,3,0,"(6, 2)",0,1
44,8,0020,3,0,"(6, 2)",1,0002,3,1,"(7, 2)",0,1
44,9,0002,3,1,"(7, 2)",0,0020,3,0,"(7, 1)",0,1
44,10,0020,3,0,"(7, 1)",3,0200,3,3,"(6, 1)",0,1
44,11,0200,3,3,"(6, 1)",1,0200,3,3,"(5, 1)",0,1
44,12,0200,3,3,"(5, 1)",0,3020,3,0,"(5, 0)",0,1
44,13,3020,3,0,"(5, 0)",2,3020,3,0,"(5, 0)",3,0
45,0,0020,3,0,"(5, 5)",1,0002,3,1,"(6, 5)",0,1
45,1,0002,3,1,"(6, 5)",0,0020,3,0,"(6, 4)",0,1
45,2,0020,3,0,"(6, 4)",3,0200,3,3,"(5, 4)",0,1
45,3,0200,3,3,"(5, 4)",3,0200,3,3,"(4, 4)",0,1
45,4,0200,3,3,"(4, 4)",3,0200,3,3,"(3, 4)",0,1
45,5,0200,3,3,"(3, 4)",3,0200,3,3,"(2, 4)",0,1
45,6,0200,3,3,"(2, 4)",1,0200,3,3,"(1, 4)",0,1
45,7,0200,3,3,"(1, 4)",1,0203,3,3,"(0, 4)",0,1
45,8,0203,3,3,"(0, 4)",0,0023,3,0,"(0, 3)",0,1
45,9,0023,3,0,"(0, 3)",0,0023,3,0,"(0, 2)",0,1
45,10,0023,3,0,"(0, 2)",2,0023,3,0,"(0, 1)",0,1
45,11,0023,3,0,"(0, 1)",2,3023,3,0,"(0, 0)",0,1
45,12,3023,3,0,"(0, 0)",0,3023,3,0,"(0, 0)",3,0
46,0,0020,3,0,"(5, 5)",0,0020,3,0,"(5, 4)",0,1
46,1,0020,3,0,"(5, 4)",0,0020,3,0,"(5, 3)",0,1
46,2,0020,3,0,"(5, 3)",3,0200,3,3,"(4, 3)",0,1
46,3,0200,3,3,"(4, 3)",3,0201,3,3,"(3, 3)",0,1
46,4,0201,3,3,"(3, 3)",2,2000,3,2,"(3, 4)",0,1
46,5,2000,3,2,"(3, 4)",3,1200,3,3,"(2, 4)",0,1
46,6,1200,3,3,"(2, 4)",1,0200,3,3,"(1, 4)",0,1
46,7,0200,3,3,"(1, 4)",0,0120,3,0,"(1, 3)",0,1
46,8,0120,3,0,"(1, 3)",2,0020,3,0,"(1, 2)",0,1
46,9,0020,3,0,"(1, 2)",3,0203,3,3,"(0, 2)",0,1
46,10,0203,3,3,"(0, 2)",0,0023,3,0,"(0, 1)",0,1
46,11,0023,3,0,"(0, 1)",1,0002,3,1,"(1, 1)",0,1
46,12,0002,3,1,"(1, 1)",3,0002,3,1,"(2, 1)",0,1
46,13,0002,3,1,"(2, 1)",3,0002,3,1,"(3, 1)",0,1
46,14,0002,3,1,"(3, 1)",3,0002,3,1,"(4, 1)",0,1
46,15,0002,3,1,"(4, 1)",0,3020,3,0,"(4, 0)",0,1
46,16,3020,3,0,"(4, 0)",1,3002,3,1,"(5, 0)",0,1
46,17,3002,3,1,"(5, 0)",3,3002,3,1,"(6, 0)",0,1
46,18,3002,3,1,"(6, 0)",0,3002,3,1,"(6, 0)",3,0
47,0,0020,3,0,"(5, 5)",2,0020,3,0,"(5, 4)",0,1
47,1,0020,3,0,"(5, 4)",0,0020,3,0,"(5, 3)",0,1
47,2,0020,3,0,"(5, 3)",0,0120,3,0,"(5, 2)",0,1
47,3,0120,3,0,"(5, 2)",2,0020,3,0,"(5, 1)",0,1
47,4,0020,3,0,"(5, 1)",0,3020,3,0,"(5, 0)",0,1
47,5,3020,3,0,"(5, 0)",3,3200,3,3,"(4, 0)",0,1
47,6,3200,3,3,"(4, 0)",0,3200,3,3,"(4, 0)",3,0
48,0,0020,3,0,"(5, 5)",1,0002,3,1,"(6, 5)",0,1
48,1,0002,3,1,"(6, 5)",1,0002,3,1,"(7, 5)",0,1
48,2,0002,3,1,"(7, 5)",0,0020,3,0,"(7, 4)",0,1
48,3,0020,3,0,"(7, 4)",0,0020,3,0,"(7, 3)",0,1
48,4,0020,3,0,"(7, 3)",0,0020,3,0,"(7, 2)",0,1
48,5,0020,3,0,"(7, 2)",3,0200,3,3,"(6, 2)",0,1
48,6,0200,3,3,"(6, 2)",1,1200,3,3,"(5, 2)",0,1
48,7,1200,3,3,"(5, 2)",1,0200,3,3,"(4, 2)",0,1
48,8,0200,3,3,"(4, 2)",1,0200,3,3,"(3, 2)",0,1
48,9,0200,3,3,"(3, 2)",0,0020,3,0,"(3, 1)",0,1
48,10,0020,3,0,"(3, 1)",2,3020,3,0,"(3, 0)",0,1
48,11,3020,3,0,"(3, 0)",0,3020,3,0,"(3, 0)",3,0
49,0,0020,3,0,"(5, 5)",3,0200,3,3,"(4, 5)",0,1
49,1,0200,3,3,"(4, 5)",1,0200,3,3,"(3, 5)",0,1
49,2,0200,3,3,"(3, 5)",1,0200,3,3,"(2, 5)",0,1
49,3,0200,3,3,"(2, 5)",3,0200,3,3,"(1, 5)",0,1
49,4,0200,3,3,"(1, 5)",3,0203,3,3,"(0, 5)",0,1
49,5,0203,3,3,"(0, 5)",0,0023,3,0,"(0, 4)",0,1
49,6,0023,3,0,"(0, 4)",3,0023,3,0,"(0, 4)",3,0
50,0,0020,3,0,"(5, 5)",1,0002,3,1,"(6, 5)",0,1
50,1,0002,3,1,"(6, 5)",2,2000,3,2,"(6, 6)",0,1
50,2,2000,3,2,"(6, 6)",3,0200,3,3,"(5, 6)",0,1
50,3,0200,3,3,"(5, 6)",3,0200,3,3,"(4, 6)",0,1
50,4,0200,3,3,"(4, 6)",3,0200,3,3,"(3, 6)",0,1
50,5,0200,3,3,"(3, 6)",1,0200,3,3,"(2, 6)",0,1
50,6,0200,3,3,"(2, 6)",1,0200,3,3,"(1, 6)",0,1
50,7,0200,3,3,"(1, 6)",1,0203,3,3,"(0, 6)",0,1
50,8,0203,3,3,"(0, 6)",0,0023,3,0,"(0, 5)",0,1
50,9,0023,3,0,"(0, 5)",0,0023,3,0,"(0, 4)",0,1
50,10,0023,3,0,"(0, 4)",0,0023,3,0,"(0, 3)",0,1
50,11,0023,3,0,"(0, 3)",2,0023,3,0,"(0, 2)",0,1
50,12,0023,3,0,"(0, 2)",0,0023,3,0,"(0, 1)",0,1
50,13,0023,3,0,"(0, 1)",3,0023,3,0,"(0, 1)",3,0
51,0,0020,3,0,"(5, 5)",2,0020,3,0,"(5, 4)",0,1
51,1,0020,3,0,"(5, 4)",0,0020,3,0,"(5, 3)",0,1
51,2,0020,3,0,"(5, 3)",2,0020,3,0,"(5, 2)",0,1
51,3,0020,3,0,"(5, 2)",1,0002,3,1,"(6, 2)",0,1
51,4,0002,3,1,"(6, 2)",0,0020,3,0,"(6, 1)",0,1
51,5,0020,3,0,"(6, 1)",2,3020,3,0,"(6, 0)",0,1
51,6,3020,3,0,"(6, 0)",2,3020,3,0,"(6, 0)",3,0
52,0,0020,3,0,"(5, 5)",2,0020,3,0,"(5, 4)",0,1
52,1,0020,3,0,"(5, 4)",2,0020,3,0,"(5, 3)",0,1
52,2,0020,3,0,"(5, 3)",0,0020,3,0,"(5, 2)",0,1
52,3,0020,3,0,"(5, 2)",0,0020,3,0,"(5, 1)",0,1
52,4,0020,3,0,"(5, 1)",3,0200,3,3,"(4, 1)",0,1
52,5,0200,3,3,"(4, 1)",0,3020,3,0,"(4, 0)",0,1
52,6,3020,3,0,"(4, 0)",2,3020,3,0,"(4, 0)",3,0
53,0,0020,3,0,"(5, 5)",1,0002,3,1,"(6, 5)",0,1
53,1,0002,3,1,"(6, 5)",3,0002,3,1,"(7, 5)",0,1
53,2,0002,3,1,"(7, 5)",0,0020,3,0,"(7, 4)",0,1
53,3,0020,3,0,"(7, 4)",1,0002,3,1,"(8, 4)",0,1
53,4,0002,3,1,"(8, 4)",1,0302,3,1,"(9, 4)",0,1
53,5,0302,3,1,"(9, 4)",0,0320,3,0,"(9, 3)",0,1
53,6,0320,3,0,"(9, 3)",1,0320,3,0,"(9, 3)",3,0
54,0,0120,3,0,"(5, 5)",2,0020,3,0,"(5, 4)",0,1
54,1,0020,3,0,"(5, 4)",0,0020,3,0,"(5, 3)",0,1
54,2,0020,3,0,"(5, 3)",0,0020,3,0,"(5, 2)",0,1
54,3,0020,3,0,"(5, 2)",1,0002,3,1,"(6, 2)",0,1
54,4,0002,3,1,"(6, 2)",2,2000,3,2,"(6, 3)",0,1
54,5,2000,3,2,"(6, 3)",1,0002,3,1,"(7, 3)",0,1
54,6,0002,3,1,"(7, 3)",2,2000,3,2,"(7, 4)",0,1
54,7,2000,3,2,"(7, 4)",2,2001,3,2,"(7, 5)",0,1
54,8,2001,3,2,"(7, 5)",2,2000,3,2,"(7, 6)",0,1
54,9,2000,3,2,"(7, 6)",2,2000,3,2,"(7, 7)",0,1
54,10,2000,3,2,"(7, 7)",3,0200,3,3,"(6, 7)",0,1
54,11,0200,3,3,"(6, 7)",1,0200,3,3,"(5, 7)",0,1
54,12,0200,3,3,"(5, 7)",3,0200,3,3,"(4, 7)",0,1
54,13,0200,3,3,"(4, 7)",3,0200,3,3,"(3, 7)",0,1
54,14,0200,3,3,"(3, 7)",0,0020,3,0,"(3, 6)",0,1
54,15,0020,3,0,"(3, 6)",2,0020,3,0,"(3, 5)",0,1
54,16,0020,3,0,"(3, 5)",0,0020,3,0,"(3, 4)",0,1
54,17,0020,3,0,"(3, 4)",3,0200,3,3,"(2, 4)",0,1
54,18,0200,3,3,"(2, 4)",2,2000,3,2,"(2, 5)",0,1
54,19,2000,3,2,"(2, 5)",0,2000,3,2,"(2, 6)",0,1
54,20,2000,3,2,"(2, 6)",0,2000,3,2,"(2, 7)",0,1
54,21,2000,3,2,"(2, 7)",0,2000,3,2,"(2, 8)",0,1
54,22,2000,3,2,"(2, 8)",0,2030,3,2,"(2, 9)",0,1
54,23,2030,3,2,"(2, 9)",0,2030,3,2,"(2, 9)",3,0
55,0,0020,3,0,"(5, 5)",0,0020,3,0,"(5, 4)",0,1
55,1,0020,3,0,"(5, 4)",2,0020,3,0,"(5, 3)",0,1
55,2,0020,3,0,"(5, 3)",3,0200,3,3,"(4, 3)",0,1
55,3,0200,3,3,"(4, 3)",3,0200,3,3,"(3, 3)",0,1
55,4,0200,3,3,"(3, 3)",1,0200,3,3,"(2, 3)",0,1
55,5,0200,3,3,"(2, 3)",1,0200,3,3,"(1, 3)",0,1
55,6,0200,3,3,"(1, 3)",0,0020,3,0,"(1, 2)",0,1
55,7,0020,3,0,"(1, 2)",0,0020,3,0,"(1, 1)",0,1
55,8,0020,3,0,"(1, 1)",1,0002,3,1,"(2, 1)",0,1
55,9,0002,3,1,"(2, 1)",0,3020,3,0,"(2, 0)",0,1
55,10,3020,3,0,"(2, 0)",3,3200,3,3,"(1, 0)",0,1
55,11,3200,3,3,"(1, 0)",2,2000,3,2,"(1, 1)",0,1
55,12,2000,3,2,"(1, 1)",1,0002,3,1,"(2, 1)",0,1
55,13,0002,3,1,"(2, 1)",3,0002,3,1,"(3, 1)",0,1
55,14,0002,3,1,"(3, 1)",3,0002,3,1,"(4, 1)",0,1
55,15,0002,3,1,"(4, 1)",1,0002,3,1,"(5, 1)",0,1
55,16,0002,3,1,"(5, 1)",1,0002,3,1,"(6, 1)",0,1
55,17,0002,3,1,"(6, 1)",0,3020,3,0,"(6, 0)",0,1
55,18,3020,3,0,"(6, 0)",2,3020,3,0,"(6, 0)",3,0
56,0,0020,3,0,"(5, 5)",3,0200,3,3,"(4, 5)",0,1
56,1,0200,3,3,"(4, 5)",2,2000,3,2,"(4, 6)",0,1
56,2,2000,3,2,"(4, 6)",2,2000,3,2,"(4, 7)",0,1
56,3,2000,3,2,"(4, 7)",1,0012,3,1,"(5, 7)",0,1
56,4,0012,3,1,"(5, 7)",2,2000,4,2,"(5, 8)",1,1
56,5,2000,4,2,"(5, 8)",2,1030,4,2,"(5, 9)",0,1
56,6,1030,4,2,"(5, 9)",1,0032,4,1,"(6, 9)",0,1
56,7,0032,4,1,"(6, 9)",3,0032,4,1,"(7, 9)",0,1
56,8,0032,4,1,"(7, 9)",2,0032,4,1,"(7, 9)",3,0
57,0,0020,3,0,"(5, 5)",2,0020,3,0,"(5, 4)",0,1
57,1,0020,3,0,"(5, 4)",0,0020,3,0,"(5, 3)",0,1
57,2,0020,3,0,"(5, 3)",3,0200,3,3,"(4, 3)",0,1
57,3,0200,3,3,"(4, 3)",0,0020,3,0,"(4, 2)",0,1
57,4,0020,3,0,"(4, 2)",3,0200,3,3,"(3, 2)",0,1
57,5,0200,3,3,"(3, 2)",2,2000,3,2,"(3, 3)",0,1
57,6,2000,3,2,"(3, 3)",3,0200,3,3,"(2, 3)",0,1
57,7,0200,3,3,"(2, 3)",3,0200,3,3,"(1, 3)",0,1
57,8,0200,3,3,"(1, 3)",1,0203,3,3,"(0, 3)",0,1
57,9,0203,3,3,"(0, 3)",3,0203,3,3,"(0, 3)",3,0
58,0,0020,3,0,"(5, 5)",0,0020,3,0,"(5, 4)",0,1
58,1,0020,3,0,"(5, 4)",3,0200,3,3,"(4, 4)",0,1
58,2,0200,3,3,"(4, 4)",1,0200,3,3,"(3, 4)",0,1
58,3,0200,3,3,"(3, 4)",0,0020,3,0,"(3, 3)",0,1
58,4,0020,3,0,"(3, 3)",0,0020,3,0,"(3, 2)",0,1
58,5,0020,3,0,"(3, 2)",2,0020,3,0,"(3, 1)",0,1
58,6,0020,3,0,"(3, 1)",0,3020,3,0,"(3, 0)",0,1
58,7,3020,3,0,"(3, 0)",3,3200,3,3,"(2, 0)",0,1
58,8,3200,3,3,"(2, 0)",3,3200,3,3,"(1, 0)",0,1
58,9,3200,3,3,"(1, 0)",3,3203,3,3,"(0, 0)",0,1
58,10,3203,3,3,"(0, 0)",0,3203,3,3,"(0, 0)",3,0
59,0,0020,3,0,"(5, 5)",0,0020,3,0,"(5, 4)",0,1
59,1,0020,3,0,"(5, 4)",2,0020,3,0,"(5, 3)",0,1
59,2,0020,3,0,"(5, 3)",2,0020,3,0,"(5, 2)",0,1
59,3,0020,3,0,"(5, 2)",2,0020,3,0,"(5, 1)",0,1
59,4,0020,3,0,"(5, 1)",1,0002,3,1,"(6, 1)",0,1
59,5,0002,3,1,"(6, 1)",2,2000,3,2,"(6, 2)",0,1
59,6,2000,3,2,"(6, 2)",1,0002,3,1,"(7, 2)",0,1
59,7,0002,3,1,"(7, 2)",2,2000,3,2,"(7, 3)",0,1
59,8,2000,3,2,"(7, 3)",1,0002,3,1,"(8, 3)",0,1
59,9,0002,3,1,"(8, 3)",3,0302,3,1,"(9, 3)",0,1
59,10,0302,3,1,"(9, 3)",2,2300,3,2,"(9, 4)",0,1
59,11,2300,3,2,"(9, 4)",0,2300,3,2,"(9, 5)",0,1
59,12,2300,3,2,"(9, 5)",1,2300,3,2,"(9, 5)",3,0
60,0,0020,3,0,"(5, 5)",3,0200,3,3,"(4, 5)",0,1
60,1,0200,3,3,"(4, 5)",1,0200,3,3,"(3, 5)",0,1
60,2,0200,3,3,"(3, 5)",1,0200,3,3,"(2, 5)",0,1
60,3,0200,3,3,"(2, 5)",1,0200,3,3,"(1, 5)",0,1
60,4,0200,3,3,"(1, 5)",3,0213,3,3,"(0, 5)",0,1
60,5,0213,3,3,"(0, 5)",1,0213,3,3,"(0, 5)",3,0
61,0,0020,3,0,"(5, 5)",2,0020,3,0,"(5, 4)",0,1
61,1,0020,3,0,"(5, 4)",0,0020,3,0,"(5, 3)",0,1
61,2,0020,3,0,"(5, 3)",0,0020,3,0,"(5, 2)",0,1
61,3,0020,3,0,"(5, 2)",3,0200,3,3,"(4, 2)",0,1
61,4,0200,3,3,"(4, 2)",2,2000,3,2,"(4, 3)",0,1
61,5,2000,3,2,"(4, 3)",3,0200,3,3,"(3, 3)",0,1
61,6,0200,3,3,"(3, 3)",3,0200,3,3,"(2, 3)",0,1
61,7,0200,3,3,"(2, 3)",3,0200,3,3,"(1, 3)",0,1
61,8,0200,3,3,"(1, 3)",2,2000,3,2,"(1, 4)",0,1
61,9,2000,3,2,"(1, 4)",2,2000,3,2,"(1, 5)",0,1
61,10,2000,3,2,"(1, 5)",3,0203,3,3,"(0, 5)",0,1
61,11,0203,3,3,"(0, 5)",1,0203,3,3,"(0, 5)",3,0
62,0,0020,3,0,"(5, 5)",2,0020,3,0,"(5, 4)",0,1
62,1,0020,3,0,"(5, 4)",0,0020,3,0,"(5, 3)",0,1
62,2,0020,3,0,"(5, 3)",2,0020,3,0,"(5, 2)",0,1
62,3,0020,3,0,"(5, 2)",2,0020,3,0,"(5, 1)",0,1
62,4,0020,3,0,"(5, 1)",3,0200,3,3,"(4, 1)",0,1
62,5,0200,3,3,"(4, 1)",1,0200,3,3,"(3, 1)",0,1
62,6,0200,3,3,"(3, 1)",3,0200,3,3,"(2, 1)",0,1
62,7,0200,3,3,"(2, 1)",2,2000,3,2,"(2, 2)",0,1
62,8,2000,3,2,"(2, 2)",1,0002,3,1,"(3, 2)",0,1
62,9,0002,3,1,"(3, 2)",3,0002,3,1,"(4, 2)",0,1
62,10,0002,3,1,"(4, 2)",1,0002,3,1,"(5, 2)",0,1
62,11,0002,3,1,"(5, 2)",3,0102,3,1,"(6, 2)",0,1
62,12,0102,3,1,"(6, 2)",2,2000,3,2,"(6, 3)",0,1
62,13,2000,3,2,"(6, 3)",0,2000,3,2,"(6, 4)",0,1
62,14,2000,3,2,"(6, 4)",2,2000,3,2,"(6, 5)",0,1
62,15,2000,3,2,"(6, 5)",2,2000,3,2,"(6, 6)",0,1
62,16,2000,3,2,"(6, 6)",0,2000,3,2,"(6, 7)",0,1
62,17,2000,3,2,"(6, 7)",2,2000,3,2,"(6, 8)",0,1
62,18,2000,3,2,"(6, 8)",2,2030,3,2,"(6, 9)",0,1
62,19,2030,3,2,"(6, 9)",0,2030,3,2,"(6, 9)",3,0
63,0,0020,3,0,"(5, 5)",3,0200,3,3,"(4, 5)",0,1
63,1,0200,3,3,"(4, 5)",2,2000,3,2,"(4, 6)",0,1
63,2,2000,3,2,"(4, 6)",2,2000,3,2,"(4, 7)",0,1
63,3,2000,3,2,"(4, 7)",1,0002,3,1,"(5, 7)",0,1
63,4,0002,3,1,"(5, 7)",1,0002,3,1,"(6, 7)",0,1
63,5,0002,3,1,"(6, 7)",2,2000,3,2,"(6, 8)",0,1
63,6,2000,3,2,"(6, 8)",2,2130,3,2,"(6, 9)",0,1
63,7,2130,3,2,"(6, 9)",0,2130,3,2,"(6, 9)",3,0
64,0,0020,3,0,"(5, 5)",3,0200,3,3,"(4, 5)",0,1
64,1,0200,3,3,"(4, 5)",2,2000,3,2,"(4, 6)",0,1
64,2,2000,3,2,"(4, 6)",3,0200,3,3,"(3, 6)",0,1
64,3,0200,3,3,"(3, 6)",2,2000,3,2,"(3, 7)",0,1
64,4,2000,3,2,"(3, 7)",3,0200,3,3,"(2, 7)",0,1
64,5,0200,3,3,"(2, 7)",0,0020,3,0,"(2, 6)",0,1
64,6,0020,3,0,"(2, 6)",2,0020,3,0,"(2, 5)",0,1
64,7,0020,3,0,"(2, 5)",3,0200,3,3,"(1, 5)",0,1
64,8,0200,3,3,"(1, 5)",1,0203,3,3,"(0, 5)",0,1
64,9,0203,3,3,"(0, 5)",2,2003,3,2,"(0, 6)",0,1
64,10,2003,3,2,"(0, 6)",0,2003,3,2,"(0, 7)",0,1
64,11,2003,3,2,"(0, 7)",1,0002,3,1,"(1, 7)",0,1
64,12,0002,3,1,"(1, 7)",3,0002,3,1,"(2, 7)",0,1
64,13,0002,3,1,"(2, 7)",1,0002,3,1,"(3, 7)",0,1
64,14,0002,3,1,"(3, 7)",2,2000,3,2,"(3, 8)",0,1
64,15,2000,3,2,"(3, 8)",1,0002,3,1,"(4, 8)",0,1
64,16,0002,3,1,"(4, 8)",0,0020,3,0,"(4, 7)",0,1
64,17,0020,3,0,"(4, 7)",0,0020,3,0,"(4, 6)",0,1
64,18,0020,3,0,"(4, 6)",3,0200,3,3,"(3, 6)",0,1
64,19,0200,3,3,"(3, 6)",1,0200,3,3,"(2, 6)",0,1
64,20,0200,3,3,"(2, 6)",0,0020,3,0,"(2, 5)",0,1
64,21,0020,3,0,"(2, 5)",3,0200,3,3,"(1, 5)",0,1
64,22,0200,3,3,"(1, 5)",2,2000,3,2,"(1, 6)",0,1
64,23,2000,3,2,"(1, 6)",3,0203,3,3,"(0, 6)",0,1
64,24,0203,3,3,"(0, 6)",0,0023,3,0,"(0, 5)",0,1
64,25,0023,3,0,"(0, 5)",1,0002,3,1,"(1, 5)",0,1
64,26,0002,3,1,"(1, 5)",1,0002,3,1,"(2, 5)",0,1
64,27,0002,3,1,"(2, 5)",2,2000,3,2,"(2, 6)",0,1
64,28,2000,3,2,"(2, 6)",0,2000,3,2,"(2, 7)",0,1
64,29,2000,3,2,"(2, 7)",3,0200,3,3,"(1, 7)",0,1
64,30,0200,3,3,"(1, 7)",2,2000,3,2,"(1, 8)",0,1
64,31,2000,3,2,"(1, 8)",3,0203,3,3,"(0, 8)",0,1
64,32,0203,3,3,"(0, 8)",0,0023,3,0,"(0, 7)",0,1
64,33,0023,3,0,"(0, 7)",2,0023,3,0,"(0, 6)",0,1
64,34,0023,3,0,"(0, 6)",2,0023,3,0,"(0, 5)",0,1
64,35,0023,3,0,"(0, 5)",1,0002,3,1,"(1, 5)",0,1
64,36,0002,3,1,"(1, 5)",2,2000,3,2,"(1, 6)",0,1
64,37,2000,3,2,"(1, 6)",3,0203,3,3,"(0, 6)",0,1
64,38,0203,3,3,"(0, 6)",1,0203,3,3,"(0, 6)",3,0
65,0,0020,3,0,"(5, 5)",0,0020,3,0,"(5, 4)",0,1
65,1,0020,3,0,"(5, 4)",1,0002,3,1,"(6, 4)",0,1
65,2,0002,3,1,"(6, 4)",2,2000,3,2,"(6, 5)",0,1
65,3,2000,3,2,"(6, 5)",3,0200,3,3,"(5, 5)",0,1
65,4,0200,3,3,"(5, 5)",3,0200,3,3,"(4, 5)",0,1
65,5,0200,3,3,"(4, 5)",0,0020,3,0,"(4, 4)",0,1
65,6,0020,3,0,"(4, 4)",0,0020,3,0,"(4, 3)",0,1
65,7,0020,3,0,"(4, 3)",0,0020,3,0,"(4, 2)",0,1
65,8,0020,3,0,"(4, 2)",1,0002,3,1,"(5, 2)",0,1
65,9,0002,3,1,"(5, 2)",0,0020,3,0,"(5, 1)",0,1
65,10,0020,3,0,"(5, 1)",0,3020,3,0,"(5, 0)",0,1
65,11,3020,3,0,"(5, 0)",2,3020,3,0,"(5, 0)",3,0
66,0,0020,3,0,"(5, 5)",3,0200,3,3,"(4, 5)",0,1
66,1,0200,3,3,"(4, 5)",3,0200,3,3,"(3, 5)",0,1
66,2,0200,3,3,"(3, 5)",2,2000,3,2,"(3, 6)",0,1
66,3,2000,3,2,"(3, 6)",1,0002,3,1,"(4, 6)",0,1
66,4,0002,3,1,"(4, 6)",0,0020,3,0,"(4, 5)",0,1
66,5,0020,3,0,"(4, 5)",0,0020,3,0,"(4, 4)",0,1
66,6,0020,3,0,"(4, 4)",1,0002,3,1,"(5, 4)",0,1
66,7,0002,3,1,"(5, 4)",0,0020,3,0,"(5, 3)",0,1
66,8,0020,3,0,"(5, 3)",0,0020,3,0,"(5, 2)",0,1
66,9,0020,3,0,"(5, 2)",1,0002,3,1,"(6, 2)",0,1
66,10,0002,3,1,"(6, 2)",0,0020,3,0,"(6, 1)",0,1
66,11,0020,3,0,"(6, 1)",3,0200,3,3,"(5, 1)",0,1
66,12,0200,3,3,"(5, 1)",0,3020,3,0,"(5, 0)",0,1
66,13,3020,3,0,"(5, 0)",2,3020,3,0,"(5, 0)",3,0
67,0,0020,3,0,"(5, 5)",0,0020,3,0,"(5, 4)",0,1
67,1,0020,3,0,"(5, 4)",3,0200,3,3,"(4, 4)",0,1
67,2,0200,3,3,"(4, 4)",1,0200,3,3,"(3, 4)",0,1
67,3,0200,3,3,"(3, 4)",1,0200,3,3,"(2, 4)",0,1
67,4,0200,3,3,"(2, 4)",0,0020,3,0,"(2, 3)",0,1
67,5,0020,3,0,"(2, 3)",0,0020,3,0,"(2, 2)",0,1
67,6,0020,3,0,"(2, 2)",3,0200,3,3,"(1, 2)",0,1
67,7,0200,3,3,"(1, 2)",1,0203,3,3,"(0, 2)",0,1
67,8,0203,3,3,"(0, 2)",1,0203,3,3,"(0, 2)",3,0
68,0,0020,3,0,"(5, 5)",1,0002,3,1,"(6, 5)",0,1
68,1,0002,3,1,"(6, 5)",0,0020,3,0,"(6, 4)",0,1
68,2,0020,3,0,"(6, 4)",1,0002,3,1,"(7, 4)",0,1
68,3,0002,3,1,"(7, 4)",1,0002,3,1,"(8, 4)",0,1
68,4,0002,3,1,"(8, 4)",0,0020,3,0,"(8, 3)",0,1
68,5,0020,3,0,"(8, 3)",0,0020,3,0,"(8, 2)",0,1
68,6,0020,3,0,"(8, 2)",3,0200,3,3,"(7, 2)",0,1
68,7,0200,3,3,"(7, 2)",0,0020,3,0,"(7, 1)",0,1
68,8,0020,3,0,"(7, 1)",3,0200,3,3,"(6, 1)",0,1
68,9,0200,3,3,"(6, 1)",0,3020,3,0,"(6, 0)",0,1
68,10,3020,3,0,"(6, 0)",1,3002,3,1,"(7, 0)",0,1
68,11,3002,3,1,"(7, 0)",2,2000,3,2,"(7, 1)",0,1
68,12,2000,3,2,"(7, 1)",1,0002,3,1,"(8, 1)",0,1
68,13,0002,3,1,"(8, 1)",1,0302,3,1,"(9, 1)",0,1
68,14,0302,3,1,"(9, 1)",2,2300,3,2,"(9, 2)",0,1
68,15,2300,3,2,"(9, 2)",0,2300,3,2,"(9, 3)",0,1
68,16,2300,3,2,"(9, 3)",0,2300,3,2,"(9, 4)",0,1
68,17,2300,3,2,"(9, 4)",1,2300,3,2,"(9, 4)",3,0
69,0,0020,3,0,"(5, 5)",0,0020,3,0,"(5, 4)",0,1
69,1,0020,3,0,"(5, 4)",3,0200,3,3,"(4, 4)",0,1
69,2,0200,3,3,"(4, 4)",3,0200,3,3,"(3, 4)",0,1
69,3,0200,3,3,"(3, 4)",1,0200,3,3,"(2, 4)",0,1
69,4,0200,3,3,"(2, 4)",3,0200,3,3,"(1, 4)",0,1
69,5,0200,3,3,"(1, 4)",2,2000,3,2,"(1, 5)",0,1
69,6,2000,3,2,"(1, 5)",3,0203,3,3,"(0, 5)",0,1
69,7,0203,3,3,"(0, 5)",1,0203,3,3,"(0, 5)",3,0
70,0,0020,3,0,"(5, 5)",0,0020,3,0,"(5, 4)",0,1
70,1,0020,3,0,"(5, 4)",1,0002,3,1,"(6, 4)",0,1
70,2,0002,3,1,"(6, 4)",2,2000,3,2,"(6, 5)",0,1
70,3,2000,3,2,"(6, 5)",3,0200,3,3,"(5, 5)",0,1
70,4,0200,3,3,"(5, 5)",2,2000,3,2,"(5, 6)",0,1
70,5,2000,3,2,"(5, 6)",3,0200,3,3,"(4, 6)",0,1
70,6,0200,3,3,"(4, 6)",3,0200,3,3,"(3, 6)",0,1
70,7,0200,3,3,"(3, 6)",3,0200,3,3,"(2, 6)",0,1
70,8,0200,3,3,"(2, 6)",2,2000,3,2,"(2, 7)",0,1
70,9,2000,3,2,"(2, 7)",2,2000,3,2,"(2, 8)",0,1
70,10,2000,3,2,"(2, 8)",3,0200,3,3,"(1, 8)",0,1
70,11,0200,3,3,"(1, 8)",0,0020,3,0,"(1, 7)",0,1
70,12,0020,3,0,"(1, 7)",3,0203,3,3,"(0, 7)",0,1
70,13,0203,3,3,"(0, 7)",2,2003,3,2,"(0, 8)",0,1
70,14,2003,3,2,"(0, 8)",1,0002,3,1,"(1, 8)",0,1
70,15,0002,3,1,"(1, 8)",2,2030,3,2,"(1, 9)",0,1
70,16,2030,3,2,"(1, 9)",2,2030,3,2,"(1, 9)",3,0
71,0,0020,3,0,"(5, 5)",0,0020,3,0,"(5, 4)",0,1
71,1,0020,3,0,"(5, 4)",1,0002,3,1,"(6, 4)",0,1
71,2,0002,3,1,"(6, 4)",0,0020,3,0,"(6, 3)",0,1
71,3,0020,3,0,"(6, 3)",3,0200,3,3,"(5, 3)",0,1
71,4,0200,3,3,"(5, 3)",2,2000,3,2,"(5, 4)",0,1
71,5,2000,3,2,"(5, 4)",3,0200,3,3,"(4, 4)",0,1
71,6,0200,3,3,"(4, 4)",3,0200,3,3,"(3, 4)",0,1
71,7,0200,3,3,"(3, 4)",1,0200,3,3,"(2, 4)",0,1
71,8,0200,3,3,"(2, 4)",0,0020,3,0,"(2, 3)",0,1
71,9,0020,3,0,"(2, 3)",3,0200,3,3,"(1, 3)",0,1
71,10,0200,3,3,"(1, 3)",3,0203,3,3,"(0, 3)",0,1
71,11,0203,3,3,"(0, 3)",3,0203,3,3,"(0, 3)",3,0
72,0,0020,3,0,"(5, 5)",2,0020,3,0,"(5, 4)",0,1
72,1,0020,3,0,"(5, 4)",2,0020,3,0,"(5, 3)",0,1
72,2,0020,3,0,"(5, 3)",0,0020,3,0,"(5, 2)",0,1
72,3,0020,3,0,"(5, 2)",1,0002,3,1,"(6, 2)",0,1
72,4,0002,3,1,"(6, 2)",3,0002,3,1,"(7, 2)",0,1
72,5,0002,3,1,"(7, 2)",3,0002,3,1,"(8, 2)",0,1
72,6,0002,3,1,"(8, 2)",1,0302,3,1,"(9, 2)",0,1
72,7,0302,3,1,"(9, 2)",3,0302,3,1,"(9, 2)",3,0
73,0,0020,3,0,"(5, 5)",1,0002,3,1,"(6, 5)",0,1
73,1,0002,3,1,"(6, 5)",0,0020,3,0,"(6, 4)",0,1
73,2,0020,3,0,"(6, 4)",1,0002,3,1,"(7, 4)",0,1
73,3,0002,3,1,"(7, 4)",1,0002,3,1,"(8, 4)",0,1
73,4,0002,3,1,"(8, 4)",0,0020,3,0,"(8, 3)",0,1
73,5,0020,3,0,"(8, 3)",2,0020,3,0,"(8, 2)",0,1
73,6,0020,3,0,"(8, 2)",1,0302,3,1,"(9, 2)",0,1
73,7,0302,3,1,"(9, 2)",1,0302,3,1,"(9, 2)",3,0
74,0,0021,3,0,"(5, 5)",2,0020,3,0,"(5, 4)",0,1
74,1,0020,3,0,"(5, 4)",1,0002,3,1,"(6, 4)",0,1
74,2,0002,3,1,"(6, 4)",3,0002,3,1,"(7, 4)",0,1
74,3,0002,3,1,"(7, 4)",0,0020,3,0,"(7, 3)",0,1
74,4,0020,3,0,"(7, 3)",1,0002,3,1,"(8, 3)",0,1
74,5,0002,3,1,"(8, 3)",0,0020,3,0,"(8, 2)",0,1
74,6,0020,3,0,"(8, 2)",3,0200,3,3,"(7, 2)",0,1
74,7,0200,3,3,"(7, 2)",0,0020,3,0,"(7, 1)",0,1
74,8,0020,3,0,"(7, 1)",0,3020,3,0,"(7, 0)",0,1
74,9,3020,3,0,"(7, 0)",0,3020,3,0,"(7, 0)",3,0
75,0,0020,3,0,"(5, 5)",2,0020,3,0,"(5, 4)",0,1
75,1,0020,3,0,"(5, 4)",0,0020,3,0,"(5, 3)",0,1
75,2,0020,3,0,"(5, 3)",2,0020,3,0,"(5, 2)",0,1
75,3,0020,3,0,"(5, 2)",0,0020,3,0,"(5, 1)",0,1
75,4,0020,3,0,"(5, 1)",0,3020,3,0,"(5, 0)",0,1
75,5,3020,3,0,"(5, 0)",2,3020,3,0,"(5, 0)",3,0
76,0,0020,3,0,"(5, 5)",2,0020,3,0,"(5, 4)",0,1
76,1,0020,3,0,"(5, 4)",3,0200,3,3,"(4, 4)",0,1
76,2,0200,3,3,"(4, 4)",2,2000,3,2,"(4, 5)",0,1
76,3,2000,3,2,"(4, 5)",3,0200,3,3,"(3, 5)",0,1
76,4,0200,3,3,"(3, 5)",1,0200,3,3,"(2, 5)",0,1
76,5,0200,3,3,"(2, 5)",1,0200,3,3,"(1, 5)",0,1
76,6,0200,3,3,"(1, 5)",1,0203,3,3,"(0, 5)",0,1
76,7,0203,3,3,"(0, 5)",0,0023,3,0,"(0, 4)",0,1
76,8,0023,3,0,"(0, 4)",3,0023,3,0,"(0, 4)",3,0
77,0,0020,3,0,"(5, 5)",0,0020,3,0,"(5, 4)",0,1
77,1,0020,3,0,"(5, 4)",3,0200,3,3,"(4, 4)",0,1
77,2,0200,3,3,"(4, 4)",3,0200,3,3,"(3, 4)",0,1
77,3,0200,3,3,"(3, 4)",1,0200,3,3,"(2, 4)",0,1
77,4,0200,3,3,"(2, 4)",3,0200,3,3,"(1, 4)",0,1
77,5,0200,3,3,"(1, 4)",1,0203,3,3,"(0, 4)",0,1
77,6,0203,3,3,"(0, 4)",2,2013,3,2,"(0, 5)",0,1
77,7,2013,3,2,"(0, 5)",1,0002,3,1,"(1, 5)",0,1
77,8,0002,3,1,"(1, 5)",3,0002,3,1,"(2, 5)",0,1
77,9,0002,3,1,"(2, 5)",1,0002,3,1,"(3, 5)",0,1
77,10,0002,3,1,"(3, 5)",0,0020,3,0,"(3, 4)",0,1
77,11,0020,3,0,"(3, 4)",1,0002,3,1,"(4, 4)",0,1
77,12,0002,3,1,"(4, 4)",1,0002,3,1,"(5, 4)",0,1
77,13,0002,3,1,"(5, 4)",3,0002,3,1,"(6, 4)",0,1
77,14,0002,3,1,"(6, 4)",3,0002,3,1,"(7, 4)",0,1
77,15,0002,3,1,"(7, 4)",2,2000,3,2,"(7, 5)",0,1
77,16,2000,3,2,"(7, 5)",0,2000,3,2,"(7, 6)",0,1
77,17,2000,3,2,"(7, 6)",1,0002,3,1,"(8, 6)",0,1
77,18,0002,3,1,"(8, 6)",1,0302,3,1,"(9, 6)",0,1
77,19,0302,3,1,"(9, 6)",3,0302,3,1,"(9, 6)",3,0
78,0,0020,3,0,"(5, 5)",1,0002,3,1,"(6, 5)",0,1
78,1,0002,3,1,"(6, 5)",1,0002,3,1,"(7, 5)",0,1
78,2,0002,3,1,"(7, 5)",1,0002,3,1,"(8, 5)",0,1
78,3,0002,3,1,"(8, 5)",1,0302,3,1,"(9, 5)",0,1
78,4,0302,3,1,"(9, 5)",0,0320,3,0,"(9, 4)",0,1
78,5,0320,3,0,"(9, 4)",0,0320,3,0,"(9, 3)",0,1
78,6,0320,3,0,"(9, 3)",0,0320,3,0,"(9, 2)",0,1
78,7,0320,3,0,"(9, 2)",1,0320,3,0,"(9, 2)",3,0
79,0,0020,3,0,"(5, 5)",3,0200,3,3,"(4, 5)",0,1
79,1,0200,3,3,"(4, 5)",3,0200,3,3,"(3, 5)",0,1
79,2,0200,3,3,"(3, 5)",0,0020,3,0,"(3, 4)",0,1
79,3,0020,3,0,"(3, 4)",2,0020,3,0,"(3, 3)",0,1
79,4,0020,3,0,"(3, 3)",1,0002,3,1,"(4, 3)",0,1
79,5,0002,3,1,"(4, 3)",0,0020,3,0,"(4, 2)",0,1
79,6,0020,3,0,"(4, 2)",1,0002,3,1,"(5, 2)",0,1
79,7,0002,3,1,"(5, 2)",3,0102,3,1,"(6, 2)",0,1
79,8,0102,3,1,"(6, 2)",0,0020,3,0,"(6, 1)",0,1
79,9,0020,3,0,"(6, 1)",2,3020,3,0,"(6, 0)",0,1
79,10,3020,3,0,"(6, 0)",1,3002,3,1,"(7, 0)",0,1
79,11,3002,3,1,"(7, 0)",1,3002,3,1,"(8, 0)",0,1
79,12,3002,3,1,"(8, 0)",2,2000,3,2,"(8, 1)",0,1
79,13,2000,3,2,"(8, 1)",1,0302,3,1,"(9, 1)",0,1
79,14,0302,3,1,"(9, 1)",1,0302,3,1,"(9, 1)",3,0
80,0,0020,3,0,"(5, 5)",0,0120,3,0,"(5, 4)",0,1
80,1,0120,3,0,"(5, 4)",1,0002,4,1,"(6, 4)",1,1
80,2,0002,4,1,"(6, 4)",1,0001,4,1,"(7, 4)",0,1
80,3,0001,4,1,"(7, 4)",3,0002,4,1,"(8, 4)",0,1
80,4,0002,4,1,"(8, 4)",0,0020,4,0,"(8, 3)",0,1
80,5,0020,4,0,"(8, 3)",1,0302,4,1,"(9, 3)",0,1
80,6,0302,4,1,"(9, 3)",1,0302,4,1,"(9, 3)",3,0
81,0,0020,3,0,"(5, 5)",3,0200,3,3,"(4, 5)",0,1
81,1,0200,3,3,"(4, 5)",2,2000,3,2,"(4, 6)",0,1
81,2,2000,3,2,"(4, 6)",2,2000,3,2,"(4, 7)",0,1
81,3,2000,3,2,"(4, 7)",0,2000,3,2,"(4, 8)",0,1
81,4,2000,3,2,"(4, 8)",3,0200,3,3,"(3, 8)",0,1
81,5,0200,3,3,"(3, 8)",2,2030,3,2,"(3, 9)",0,1
81,6,2030,3,2,"(3, 9)",0,2030,3,2,"(3, 9)",3,0
82,0,0020,3,0,"(5, 5)",0,0020,3,0,"(5, 4)",0,1
82,1,0020,3,0,"(5, 4)",0,0020,3,0,"(5, 3)",0,1
82,2,0020,3,0,"(5, 3)",3,0201,3,3,"(4, 3)",0,1
82,3,0201,3,3,"(4, 3)",3,0200,4,3,"(3, 3)",1,1
82,4,0200,4,3,"(3, 3)",0,0010,4,0,"(3, 2)",0,1
82,5,0010,4,0,"(3, 2)",1,0022,4,1,"(4, 2)",0,1
82,6,0022,4,1,"(4, 2)",3,0002,4,1,"(5, 2)",0,1
82,7,0002,4,1,"(5, 2)",2,2000,4,2,"(5, 3)",0,1
82,8,2000,4,2,"(5, 3)",2,2000,4,2,"(5, 4)",0,1
82,9,2000,4,2,"(5, 4)",3,0200,4,3,"(4, 4)",0,1
82,10,0200,4,3,"(4, 4)",2,2000,4,2,"(4, 5)",0,1
82,11,2000,4,2,"(4, 5)",2,2000,4,2,"(4, 6)",0,1
82,12,2000,4,2,"(4, 6)",1,0002,4,1,"(5, 6)",0,1
82,13,0002,4,1,"(5, 6)",1,0002,4,1,"(6, 6)",0,1
82,14,0002,4,1,"(6, 6)",0,0020,4,0,"(6, 5)",0,1
82,15,0020,4,0,"(6, 5)",3,0220,4,3,"(5, 5)",0,1
82,16,0220,4,3,"(5, 5)",1,0200,4,3,"(4, 5)",0,1
82,17,0200,4,3,"(4, 5)",2,2000,4,2,"(4, 6)",0,1
82,18,2000,4,2,"(4, 6)",1,2002,4,1,"(5, 6)",0,1
82,19,2002,4,1,"(5, 6)",3,0002,4,1,"(6, 6)",0,1
82,20,0002,4,1,"(6, 6)",1,0002,4,1,"(7, 6)",0,1
82,21,0002,4,1,"(7, 6)",3,0002,4,1,"(8, 6)",0,1
82,22,0002,4,1,"(8, 6)",2,2000,4,2,"(8, 7)",0,1
82,23,2000,4,2,"(8, 7)",0,2000,4,2,"(8, 8)",0,1
82,24,2000,4,2,"(8, 8)",2,2030,4,2,"(8, 9)",0,1
82,25,2030,4,2,"(8, 9)",0,2030,4,2,"(8, 9)",3,0
83,0,0020,3,0,"(5, 5)",0,0020,3,0,"(5, 4)",0,1
83,1,0020,3,0,"(5, 4)",1,0002,3,1,"(6, 4)",0,1
83,2,0002,3,1,"(6, 4)",0,0020,3,0,"(6, 3)",0,1
83,3,0020,3,0,"(6, 3)",0,0020,3,0,"(6, 2)",0,1
83,4,0020,3,0,"(6, 2)",2,0020,3,0,"(6, 1)",0,1
83,5,0020,3,0,"(6, 1)",0,3020,3,0,"(6, 0)",0,1
83,6,3020,3,0,"(6, 0)",0,3020,3,0,"(6, 0)",3,0
84,0,0020,3,0,"(5, 5)",0,0020,3,0,"(5, 4)",0,1
84,1,0020,3,0,"(5, 4)",0,0020,3,0,"(5, 3)",0,1
84,2,0020,3,0,"(5, 3)",1,0002,3,1,"(6, 3)",0,1
84,3,0002,3,1,"(6, 3)",2,2000,3,2,"(6, 4)",0,1
84,4,2000,3,2,"(6, 4)",0,2000,3,2,"(6, 5)",0,1
84,5,2000,3,2,"(6, 5)",3,0200,3,3,"(5, 5)",0,1
84,6,0200,3,3,"(5, 5)",2,2000,3,2,"(5, 6)",0,1
84,7,2000,3,2,"(5, 6)",2,2000,3,2,"(5, 7)",0,1
84,8,2000,3,2,"(5, 7)",3,0200,3,3,"(4, 7)",0,1
84,9,0200,3,3,"(4, 7)",1,0200,3,3,"(3, 7)",0,1
84,10,0200,3,3,"(3, 7)",1,0200,3,3,"(2, 7)",0,1
84,11,0200,3,3,"(2, 7)",2,2000,3,2,"(2, 8)",0,1
84,12,2000,3,2,"(2, 8)",3,0200,3,3,"(1, 8)",0,1
84,13,0200,3,3,"(1, 8)",0,0020,3,0,"(1, 7)",0,1
84,14,0020,3,0,"(1, 7)",0,0020,3,0,"(1, 6)",0,1
84,15,0020,3,0,"(1, 6)",3,0203,3,3,"(0, 6)",0,1
84,16,0203,3,3,"(0, 6)",2,2003,3,2,"(0, 7)",0,1
84,17,2003,3,2,"(0, 7)",3,2003,3,2,"(0, 7)",3,0
85,0,0020,3,0,"(5, 5)",1,0002,3,1,"(6, 5)",0,1
85,1,0002,3,1,"(6, 5)",2,2000,3,2,"(6, 6)",0,1
85,2,2000,3,2,"(6, 6)",0,2000,3,2,"(6, 7)",0,1
85,3,2000,3,2,"(6, 7)",2,2000,3,2,"(6, 8)",0,1
85,4,2000,3,2,"(6, 8)",3,0200,3,3,"(5, 8)",0,1
85,5,0200,3,3,"(5, 8)",0,0020,3,0,"(5, 7)",0,1
85,6,0020,3,0,"(5, 7)",3,0200,3,3,"(4, 7)",0,1
85,7,0200,3,3,"(4, 7)",3,0200,3,3,"(3, 7)",0,1
85,8,0200,3,3,"(3, 7)",2,2000,3,2,"(3, 8)",0,1
85,9,2000,3,2,"(3, 8)",1,0002,3,1,"(4, 8)",0,1
85,10,0002,3,1,"(4, 8)",3,0002,3,1,"(5, 8)",0,1
85,11,0002,3,1,"(5, 8)",3,0002,3,1,"(6, 8)",0,1
85,12,0002,3,1,"(6, 8)",0,0020,3,0,"(6, 7)",0,1
85,13,0020,3,0,"(6, 7)",3,0200,3,3,"(5, 7)",0,1
85,14,0200,3,3,"(5, 7)",2,2000,3,2,"(5, 8)",0,1
85,15,2000,3,2,"(5, 8)",2,2030,3,2,"(5, 9)",0,1
85,16,2030,3,2,"(5, 9)",2,2030,3,2,"(5, 9)",3,0
86,0,0020,3,0,"(5, 5)",3,0200,3,3,"(4, 5)",0,1
86,1,0200,3,3,"(4, 5)",1,0200,3,3,"(3, 5)",0,1
86,2,0200,3,3,"(3, 5)",3,0200,3,3,"(2, 5)",0,1
86,3,0200,3,3,"(2, 5)",1,0200,3,3,"(1, 5)",0,1
86,4,0200,3,3,"(1, 5)",2,2000,3,2,"(1, 6)",0,1
86,5,2000,3,2,"(1, 6)",2,2000,3,2,"(1, 7)",0,1
86,6,2000,3,2,"(1, 7)",0,2000,3,2,"(1, 8)",0,1
86,7,2000,3,2,"(1, 8)",2,2030,3,2,"(1, 9)",0,1
86,8,2030,3,2,"(1, 9)",2,2030,3,2,"(1, 9)",3,0
87,0,0020,3,0,"(5, 5)",1,0002,3,1,"(6, 5)",0,1
87,1,0002,3,1,"(6, 5)",1,0002,3,1,"(7, 5)",0,1
87,2,0002,3,1,"(7, 5)",3,0002,3,1,"(8, 5)",0,1
87,3,0002,3,1,"(8, 5)",1,0302,3,1,"(9, 5)",0,1
87,4,0302,3,1,"(9, 5)",0,0320,3,0,"(9, 4)",0,1
87,5,0320,3,0,"(9, 4)",2,0320,3,0,"(9, 3)",0,1
87,6,0320,3,0,"(9, 3)",1,0320,3,0,"(9, 3)",3,0
88,0,0020,3,0,"(5, 5)",3,0200,3,3,"(4, 5)",0,1
88,1,0200,3,3,"(4, 5)",3,0200,3,3,"(3, 5)",0,1
88,2,0200,3,3,"(3, 5)",1,0200,3,3,"(2, 5)",0,1
88,3,0200,3,3,"(2, 5)",1,0200,3,3,"(1, 5)",0,1
88,4,0200,3,3,"(1, 5)",1,0203,3,3,"(0, 5)",0,1
88,5,0203,3,3,"(0, 5)",1,0203,3,3,"(0, 5)",3,0
89,0,0020,3,0,"(5, 5)",1,0002,3,1,"(6, 5)",0,1
89,1,0002,3,1,"(6, 5)",3,0002,3,1,"(7, 5)",0,1
89,2,0002,3,1,"(7, 5)",3,0002,3,1,"(8, 5)",0,1
89,3,0002,3,1,"(8, 5)",1,0302,3,1,"(9, 5)",0,1
89,4,0302,3,1,"(9, 5)",2,2300,3,2,"(9, 6)",0,1
89,5,2300,3,2,"(9, 6)",3,0200,3,3,"(8, 6)",0,1
89,6,0200,3,3,"(8, 6)",2,2000,3,2,"(8, 7)",0,1
89,7,2000,3,2,"(8, 7)",1,0302,3,1,"(9, 7)",0,1
89,8,0302,3,1,"(9, 7)",2,2300,3,2,"(9, 8)",0,1
89,9,2300,3,2,"(9, 8)",2,2330,3,2,"(9, 9)",0,1
89,10,2330,3,2,"(9, 9)",1,2330,3,2,"(9, 9)",3,0
90,0,0020,3,0,"(5, 5)",2,0020,3,0,"(5, 4)",0,1
90,1,0020,3,0,"(5, 4)",1,0002,3,1,"(6, 4)",0,1
90,2,0002,3,1,"(6, 4)",2,2000,3,2,"(6, 5)",0,1
90,3,2000,3,2,"(6, 5)",0,2000,3,2,"(6, 6)",0,1
90,4,2000,3,2,"(6, 6)",0,2000,3,2,"(6, 7)",0,1
90,5,2000,3,2,"(6, 7)",2,2000,3,2,"(6, 8)",0,1
90,6,2000,3,2,"(6, 8)",1,0002,3,1,"(7, 8)",0,1
90,7,0002,3,1,"(7, 8)",0,0020,3,0,"(7, 7)",0,1
90,8,0020,3,0,"(7, 7)",0,0020,3,0,"(7, 6)",0,1
90,9,0020,3,0,"(7, 6)",3,0200,3,3,"(6, 6)",0,1
90,10,0200,3,3,"(6, 6)",3,0200,3,3,"(5, 6)",0,1
90,11,0200,3,3,"(5, 6)",2,2000,3,2,"(5, 7)",0,1
90,12,2000,3,2,"(5, 7)",0,2000,3,2,"(5, 8)",0,1
90,13,2000,3,2,"(5, 8)",1,0002,3,1,"(6, 8)",0,1
90,14,0002,3,1,"(6, 8)",2,2030,3,2,"(6, 9)",0,1
90,15,2030,3,2,"(6, 9)",2,2030,3,2,"(6, 9)",3,0
91,0,0020,3,0,"(5, 5)",1,0002,3,1,"(6, 5)",0,1
91,1,0002,3,1,"(6, 5)",3,0002,3,1,"(7, 5)",0,1
91,2,0002,3,1,"(7, 5)",1,0002,3,1,"(8, 5)",0,1
91,3,0002,3,1,"(8, 5)",3,0302,3,1,"(9, 5)",0,1
91,4,0302,3,1,"(9, 5)",0,0320,3,0,"(9, 4)",0,1
91,5,0320,3,0,"(9, 4)",2,0320,3,0,"(9, 3)",0,1
91,6,0320,3,0,"(9, 3)",1,0320,3,0,"(9, 3)",3,0
92,0,0020,3,0,"(5, 5)",3,0200,3,3,"(4, 5)",0,1
92,1,0200,3,3,"(4, 5)",3,0200,3,3,"(3, 5)",0,1
92,2,0200,3,3,"(3, 5)",3,0200,3,3,"(2, 5)",0,1
92,3,0200,3,3,"(2, 5)",3,0200,3,3,"(1, 5)",0,1
92,4,0200,3,3,"(1, 5)",2,2000,3,2,"(1, 6)",0,1
92,5,2000,3,2,"(1, 6)",3,0203,3,3,"(0, 6)",0,1
92,6,0203,3,3,"(0, 6)",0,0023,3,0,"(0, 5)",0,1
92,7,0023,3,0,"(0, 5)",1,0002,3,1,"(1, 5)",0,1
92,8,0002,3,1,"(1, 5)",0,0020,3,0,"(1, 4)",0,1
92,9,0020,3,0,"(1, 4)",1,0002,3,1,"(2, 4)",0,1
92,10,0002,3,1,"(2, 4)",2,2000,3,2,"(2, 5)",0,1
92,11,2000,3,2,"(2, 5)",3,0200,3,3,"(1, 5)",0,1
92,12,0200,3,3,"(1, 5)",1,0203,3,3,"(0, 5)",0,1
92,13,0203,3,3,"(0, 5)",1,0203,3,3,"(0, 5)",3,0
93,0,0020,3,0,"(5, 5)",2,0020,3,0,"(5, 4)",0,1
93,1,0020,3,0,"(5, 4)",3,0200,3,3,"(4, 4)",0,1
93,2,0200,3,3,"(4, 4)",0,0020,3,0,"(4, 3)",0,1
93,3,0020,3,0,"(4, 3)",3,0200,3,3,"(3, 3)",0,1
93,4,0200,3,3,"(3, 3)",3,0200,3,3,"(2, 3)",0,1
93,5,0200,3,3,"(2, 3)",0,0020,3,0,"(2, 2)",0,1
93,6,0020,3,0,"(2, 2)",1,0002,3,1,"(3, 2)",0,1
93,7,0002,3,1,"(3, 2)",2,2000,3,2,"(3, 3)",0,1
93,8,2000,3,2,"(3, 3)",0,2000,3,2,"(3, 4)",0,1
93,9,2000,3,2,"(3, 4)",1,0002,3,1,"(4, 4)",0,1
93,10,0002,3,1,"(4, 4)",3,0002,3,1,"(5, 4)",0,1
93,11,0002,3,1,"(5, 4)",0,0020,3,0,"(5, 3)",0,1
93,12,0020,3,0,"(5, 3)",1,0002,3,1,"(6, 3)",0,1
93,13,0002,3,1,"(6, 3)",2,2000,3,2,"(6, 4)",0,1
93,14,2000,3,2,"(6, 4)",2,2000,3,2,"(6, 5)",0,1
93,15,2000,3,2,"(6, 5)",3,0200,3,3,"(5, 5)",0,1
93,16,0200,3,3,"(5, 5)",1,0200,3,3,"(4, 5)",0,1
93,17,0200,3,3,"(4, 5)",1,0200,3,3,"(3, 5)",0,1
93,18,0200,3,3,"(3, 5)",1,0200,3,3,"(2, 5)",0,1
93,19,0200,3,3,"(2, 5)",1,0200,3,3,"(1, 5)",0,1
93,20,0200,3,3,"(1, 5)",3,0203,3,3,"(0, 5)",0,1
93,21,0203,3,3,"(0, 5)",1,0203,3,3,"(0, 5)",3,0
94,0,0020,3,0,"(5, 5)",0,0020,3,0,"(5, 4)",0,1
94,1,0020,3,0,"(5, 4)",1,0002,3,1,"(6, 4)",0,1
94,2,0002,3,1,"(6, 4)",1,0002,3,1,"(7, 4)",0,1
94,3,0002,3,1,"(7, 4)",1,0002,3,1,"(8, 4)",0,1
94,4,0002,3,1,"(8, 4)",2,2000,3,2,"(8, 5)",0,1
94,5,2000,3,2,"(8, 5)",3,0200,3,3,"(7, 5)",0,1
94,6,0200,3,3,"(7, 5)",3,0200,3,3,"(6, 5)",0,1
94,7,0200,3,3,"(6, 5)",1,0200,3,3,"(5, 5)",0,1
94,8,0200,3,3,"(5, 5)",3,0200,3,3,"(4, 5)",0,1
94,9,0200,3,3,"(4, 5)",1,0200,3,3,"(3, 5)",0,1
94,10,0200,3,3,"(3, 5)",1,0200,3,3,"(2, 5)",0,1
94,11,0200,3,3,"(2, 5)",3,0200,3,3,"(1, 5)",0,1
94,12,0200,3,3,"(1, 5)",1,0203,3,3,"(0, 5)",0,1
94,13,0203,3,3,"(0, 5)",1,0203,3,3,"(0, 5)",3,0
95,0,0020,3,0,"(5, 5)",1,0002,3,1,"(6, 5)",0,1
95,1,0002,3,1,"(6, 5)",0,0020,3,0,"(6, 4)",0,1
95,2,0020,3,0,"(6, 4)",1,0002,3,1,"(7, 4)",0,1
95,3,0002,3,1,"(7, 4)",2,2000,3,2,"(7, 5)",0,1
95,4,2000,3,2,"(7, 5)",3,0200,3,3,"(6, 5)",0,1
95,5,0200,3,3,"(6, 5)",1,0200,3,3,"(5, 5)",0,1
95,6,0200,3,3,"(5, 5)",0,0020,3,0,"(5, 4)",0,1
95,7,0020,3,0,"(5, 4)",3,0200,3,3,"(4, 4)",0,1
95,8,0200,3,3,"(4, 4)",2,2000,3,2,"(4, 5)",0,1
95,9,2000,3,2,"(4, 5)",1,0002,3,1,"(5, 5)",0,1
95,10,0002,3,1,"(5, 5)",1,0002,3,1,"(6, 5)",0,1
95,11,0002,3,1,"(6, 5)",3,0002,3,1,"(7, 5)",0,1
95,12,0002,3,1,"(7, 5)",0,0020,3,0,"(7, 4)",0,1
95,13,0020,3,0,"(7, 4)",3,0200,3,3,"(6, 4)",0,1
95,14,0200,3,3,"(6, 4)",2,2000,3,2,"(6, 5)",0,1
95,15,2000,3,2,"(6, 5)",3,0200,3,3,"(5, 5)",0,1
95,16,0200,3,3,"(5, 5)",3,0200,3,3,"(4, 5)",0,1
95,17,0200,3,3,"(4, 5)",2,2000,3,2,"(4, 6)",0,1
95,18,2000,3,2,"(4, 6)",1,0002,3,1,"(5, 6)",0,1
95,19,0002,3,1,"(5, 6)",0,0020,3,0,"(5, 5)",0,1
95,20,0020,3,0,"(5, 5)",3,0200,3,3,"(4, 5)",0,1
95,21,0200,3,3,"(4, 5)",1,0200,3,3,"(3, 5)",0,1
95,22,0200,3,3,"(3, 5)",2,2000,3,2,"(3, 6)",0,1
95,23,2000,3,2,"(3, 6)",3,0200,3,3,"(2, 6)",0,1
95,24,0200,3,3,"(2, 6)",2,2000,3,2,"(2, 7)",0,1
95,25,2000,3,2,"(2, 7)",2,2000,3,2,"(2, 8)",0,1
95,26,2000,3,2,"(2, 8)",1,0002,3,1,"(3, 8)",0,1
95,27,0002,3,1,"(3, 8)",2,2030,3,2,"(3, 9)",0,1
95,28,2030,3,2,"(3, 9)",0,2030,3,2,"(3, 9)",3,0
96,0,0020,3,0,"(5, 5)",3,0200,3,3,"(4, 5)",0,1
96,1,0200,3,3,"(4, 5)",1,0200,3,3,"(3, 5)",0,1
96,2,0200,3,3,"(3, 5)",0,0020,3,0,"(3, 4)",0,1
96,3,0020,3,0,"(3, 4)",0,0020,3,0,"(3, 3)",0,1
96,4,0020,3,0,"(3, 3)",3,0200,3,3,"(2, 3)",0,1
96,5,0200,3,3,"(2, 3)",0,0020,3,0,"(2, 2)",0,1
96,6,0020,3,0,"(2, 2)",1,0002,3,1,"(3, 2)",0,1
96,7,0002,3,1,"(3, 2)",2,2000,3,2,"(3, 3)",0,1
96,8,2000,3,2,"(3, 3)",1,0002,3,1,"(4, 3)",0,1
96,9,0002,3,1,"(4, 3)",1,0002,3,1,"(5, 3)",0,1
96,10,0002,3,1,"(5, 3)",0,0020,3,0,"(5, 2)",0,1
96,11,0020,3,0,"(5, 2)",1,0002,3,1,"(6, 2)",0,1
96,12,0002,3,1,"(6, 2)",0,0020,3,0,"(6, 1)",0,1
96,13,0020,3,0,"(6, 1)",2,3020,3,0,"(6, 0)",0,1
96,14,3020,3,0,"(6, 0)",3,3200,3,3,"(5, 0)",0,1
96,15,3200,3,3,"(5, 0)",0,3200,3,3,"(5, 0)",3,0
97,0,0020,3,0,"(5, 5)",3,0200,3,3,"(4, 5)",0,1
97,1,0200,3,3,"(4, 5)",2,2000,3,2,"(4, 6)",0,1
97,2,2000,3,2,"(4, 6)",0,2000,3,2,"(4, 7)",0,1
97,3,2000,3,2,"(4, 7)",3,0200,3,3,"(3, 7)",0,1
97,4,0200,3,3,"(3, 7)",2,2000,3,2,"(3, 8)",0,1
97,5,2000,3,2,"(3, 8)",3,0200,3,3,"(2, 8)",0,1
97,6,0200,3,3,"(2, 8)",3,0200,3,3,"(1, 8)",0,1
97,7,0200,3,3,"(1, 8)",2,2030,3,2,"(1, 9)",0,1
97,8,2030,3,2,"(1, 9)",0,2030,3,2,"(1, 9)",3,0
98,0,0020,3,0,"(5, 5)",0,0020,3,0,"(5, 4)",0,1
98,1,0020,3,0,"(5, 4)",1,0002,3,1,"(6, 4)",0,1
98,2,0002,3,1,"(6, 4)",1,0002,3,1,"(7, 4)",0,1
98,3,0002,3,1,"(7, 4)",2,2000,3,2,"(7, 5)",0,1
98,4,2000,3,2,"(7, 5)",2,2000,3,2,"(7, 6)",0,1
98,5,2000,3,2,"(7, 6)",3,0200,3,3,"(6, 6)",0,1
98,6,0200,3,3,"(6, 6)",3,0200,3,3,"(5, 6)",0,1
98,7,0200,3,3,"(5, 6)",0,0020,3,0,"(5, 5)",0,1
98,8,0020,3,0,"(5, 5)",3,0200,3,3,"(4, 5)",0,1
98,9,0200,3,3,"(4, 5)",1,0200,3,3,"(3, 5)",0,1
98,10,0200,3,3,"(3, 5)",2,2000,3,2,"(3, 6)",0,1
98,11,2000,3,2,"(3, 6)",3,0200,3,3,"(2, 6)",0,1
98,12,0200,3,3,"(2, 6)",1,0200,3,3,"(1, 6)",0,1
98,13,0200,3,3,"(1, 6)",0,0020,3,0,"(1, 5)",0,1
98,14,0020,3,0,"(1, 5)",3,0203,3,3,"(0, 5)",0,1
98,15,0203,3,3,"(0, 5)",1,0203,3,3,"(0, 5)",3,0
99,0,0020,3,0,"(5, 5)",1,0002,3,1,"(6, 5)",0,1
99,1,0002,3,1,"(6, 5)",2,2000,3,2,"(6, 6)",0,1
99,2,2000,3,2,"(6, 6)",2,2000,3,2,"(6, 7)",0,1
99,3,2000,3,2,"(6, 7)",2,2000,3,2,"(6, 8)",0,1
99,4,2000,3,2,"(6, 8)",1,0002,3,1,"(7, 8)",0,1
99,5,0002,3,1,"(7, 8)",3,0002,3,1,"(8, 8)",0,1
99,6,0002,3,1,"(8, 8)",1,0302,3,1,"(9, 8)",0,1
99,7,0302,3,1,"(9, 8)",3,0302,3,1,"(9, 8)",3,0
